Recipe_ID,Recipe_Name,Preparation_Time,Cooking_Time
1,sloppy-joes,5 mins,30 mins
2,buffalo-chicken,20 mins,1 hr and 5 mins
3,triple-cheese-pepperoni-jalapeno-pizza,20 mins,25 mins
4,smash-burger-pancakes,10 mins,20 mins
5,snickerdoodles,20 mins,12 mins
6,corndogs,20 mins,15 mins
7,tahini-mississippi-mud-pie,30 mins,20 mins
8,texas-bbq-medley,20 mins,6 hrs and 40 mins
9,bbq-chicken-platter,40 mins,1 hr and 10 mins
10,truffled-mac-n-cheese,30 mins,40 mins
11,smores-dip,10 mins,6 mins
12,hot-gumbo-dip,20 mins,30 mins
13,fully-loaded-cajun-chicken-burgers,20 mins,15 mins
14,tomato-avocado-corn-salad-migas-buttermilk-dressing,20 mins,35 mins
15,easy-pickled-onion-rings,15 mins,10 mins
16,sticky-bourbon-bbq-wings-blue-cheese-dip,35 mins,45 mins
17,southern-fried-prawns,10 mins,10 mins
18,spicy-pies-sweet-potato-mash,20 mins,40 mins
19,cheesesteak-hotdogs,5 mins,15 mins
20,creamed-corn,10 mins,20 mins
21,american-pancakes,25 mins,30 mins
22,baby-back-ribs-carolina-baste,10 mins,3 hrs and 10 mins
23,choc-chip-pecan-pie,1 hr,1 hr and 25 mins
24,mini-pork-pies-piccalilli,50 mins,38 mins
25,herby-toad-hole,10 mins,40 mins
26,crispy-topped-cumberland-pie,45 mins,3 hrs
27,sticky-toffee-pudding-traybake,35 mins,45 mins
28,great-british-breakfast-bap,5 mins,45 mins
29,cherry-almond-tarts,15 mins,40 mins
30,classic-summer-pudding,25 mins,5 mins
31,roast-beef-caramelised-onion-gravy,30 mins,1 hr and 30 mins
32,roast-lamb-spring-herb-crumbs,20 mins,2 hrs
33,no-fail-yorkies,5 mins,40 mins
34,st-clements-pie,1 hr,35 mins
35,beef-ale-parsnip-pudding,20 mins,3 hrs and 30 mins
36,fat-rascals,20 mins,20 mins
37,scampi-tartare-sauce,30 mins,20 mins
38,easy-treacle-sponge,10 mins,15 mins
39,scotch-eggs,1 hr and 20 mins,30 mins
40,rhubarb-pear-hazelnut-crumbles,15 mins,45 mins
41,lemon-thyme-butter-basted-roast-chicken-gravy,15 mins,1 hr and 40 mins
42,marzipan-eccles-tarts,50 mins,20 mins
43,ultimate-makeover-steak-kidney-pie,30 mins,2 hrs and 15 mins
44,british-pork-cassoulet,30 mins,35 mins
45,no-fuss-shepherds-pie,15 mins,1 hr
46,split-pea-green-pea-smoked-ham-soup,30 mins,3 hrs
47,rum-punch,5 mins,Not Available
48,jerk-turkey,15 mins,1 hr
49,caribbean-beef-patties,10 mins,50 mins
50,sticky-jerk-salmon-mango-slaw,25 mins,10 mins
51,jerk-chicken-rice-peas,25 mins,45 mins
52,jerk-sweet-potato-black-bean-curry,50 mins,45 mins
53,goat-curry,25 mins,3 hrs
54,jamaican-saltfish-fritters,15 mins,20 mins
55,jerk-beefburger-pineapple-relish-chips,15 mins,40 mins
56,spiced-glazed-pineapple-cinnamon-fromage-frais,10 mins,10 mins
57,tropical-breakfast-smoothie,5 mins,Not Available
58,jerk-chicken-kebabs-mango-salsa,20 mins,20 mins
59,reggae-reggae-nachos,15 mins,25 mins
60,simple-coconut-bean-soup,10 mins,20 mins
61,natalies-trinidadian-fish-stew,40 mins,Not Available
62,hot-spicy-sweet-potatoes,15 mins,45 mins
63,barbecued-plantains,10 mins,15 mins
64,jerk-pork-rice-beans,10 mins,Not Available
65,sizzling-spare-ribs-bbq-sauce,5 mins,10 mins
66,exotic-avocado-salad,20 mins,Not Available
67,jerk-pulled-pork-banana-salsa,1 hr,7 hrs
68,spicy-jerk-prawn-mango-tacos-coconut-dressing,15 mins,Not Available
69,sticky-jerk-brown-sugar-ribs-pineapple-rice,20 mins,2 hrs and 20 mins
70,jerk-spice-mix,5 mins,Not Available
71,jerk-chicken,15 mins,50 mins
74,jerk-chicken-burger,10 mins,10 mins
75,jerk-chicken-pineapple-traybake,20 mins,1 hr
76,jerk-chicken-mango-bowl,15 mins,15 mins
77,one-pan-jerk-roast-chicken,30 mins,2 hrs and 10 mins
78,jerk-pork-pineapple-skewers-black-beans-rice,10 mins,10 mins
80,mushroom-mapo-tofu,10 mins,8 mins
81,sweet-sour-chicken,20 mins,45 mins
82,crispy-sesame-chicken,20 mins,25 mins
83,sichuan-chicken,20 mins,20 mins
84,orange-chicken,25 mins,10 mins
85,air-fryer-salt-pepper-chicken,15 mins,32 mins
86,slow-cooker-gochujang-short-ribs-with-apple-slaw,30 mins,5 hrs
87,gobi-manchurian,25 mins,25 mins
88,stir-fried-beef-with-ginger,20 mins,8 mins
89,duck-in-plum-sauce-chinese-style,25 mins,42 mins
90,lionhead-meatball-soup,20 mins,20 mins
91,slow-roast-five-spice-pork-belly-gravy,20 mins,3 hrs
92,five-spice-powder,5 mins,Not Available
93,singapore-noodles-prawns,10 mins,10 mins
94,rainbow-fried-rice-with-prawns-fried-eggs,10 mins,20 mins
95,braised-shiitake-mushrooms-pak-choi,20 mins,25 mins
96,healthy-chicken-stir-fry,10 mins,20 mins
97,easy-lemon-chicken,30 mins,25 mins
98,wuxi-ribs,10 mins,20 mins
99,black-bean-sauce,15 mins,20 mins
100,egg-fried-rice,10 mins,10 mins
101,sichuan-chicken-wings,10 mins,55 mins
102,pork-crab-ants-climbing-trees,15 mins,5 mins
103,blood-orange-dark-chocolate-madeleines,50 mins,30 mins
104,paris-brest,50 mins,30 mins
105,flamiche,30 mins,35 mins
106,pain-au-chocolat,45 mins,15 mins
107,steak-tartare,25 mins,Not Available
108,pot-roast-beef-french-onion-gravy,15 mins,2 hrs and 15 mins
109,crusty-baguettes,30 mins,20 mins
110,marmalade-tea-madeleines,20 mins,15 mins
111,financiers,5 mins,20 mins
112,steak-hache-pommes-frites-cheats-bearnaise-sauce,35 mins,45 mins
113,french-toast,5 mins,15 mins
114,macarons,35 mins,14 mins
115,baked-ratatouille-goats-cheese,35 mins,45 mins
116,croissants,1 hr and 15 mins,18 mins
117,madeleines,10 mins,15 mins
118,classic-crepes,10 mins,20 mins
119,coq-au-vin,25 mins,1 hr and 20 mins
120,ultimate-french-omelette,5 mins,Not Available
121,tarte-tatin,20 mins,1 hr and 15 mins
122,three-cheese-souffles,20 mins,45 mins
123,french-onion-soup,15 mins,55 mins
124,chocolate-macaroons,25 mins,20 mins
125,chocolate-banana-french-toast,10 mins,8 mins
126,jacks-pork-cassoulet,15 mins,2 hrs and 30 mins
127,greek-salad,15 mins,Not Available
128,moussaka,30 mins,2 hrs and 15 mins
129,crispy-greek-style-pie,10 mins,30 mins
130,tzatziki,10 mins,Not Available
131,lamb-kleftiko,10 mins,5 hrs and 20 mins
132,greek-style-salad-dressing,2 mins,Not Available
133,chicken-gyros,45 mins,40 mins
134,artichoke-aubergine-lamb-moussaka,40 mins,1 hr and 40 mins
135,greek-style-roast-fish,10 mins,50 mins
136,vegetarian-pastitsio,25 mins,1 hr and 15 mins
137,next-level-moussaka,40 mins,2 hrs
138,greek-lamb-potatoes-olives,20 mins,1 hr and 10 mins
139,flaounes,40 mins,30 mins
140,spicy-lamb-feta-skewers-greek-brown-rice-salad,25 mins,20 mins
141,spiced-chicken-skewers-chopped-salad-flatbreads,30 mins,15 mins
142,greek-lamb-meatballs,5 mins,35 mins
143,lamb-burgers-tzatziki,15 mins,25 mins
144,griddled-chicken-quinoa-greek-salad,20 mins,Not Available
145,greek-lamb-macaroni-bake,20 mins,1 hr and 15 mins
146,greek-beans-seared-lamb,10 mins,25 mins
147,marinated-feta-thyme-chilli-oil,10 mins,Not Available
148,barbecued-greek-lamb-tzatziki,40 mins,30 mins
149,easy-japanese-okonomiyaki,10 mins,20 mins
150,spicy-peanut-butter-corn-ramen,5 mins,20 mins
151,fluffy-japanese-pancakes-2,25 mins,6 mins
152,japanese-ramen-noodle-soup,20 mins,20 mins
153,japanese-style-bento-box,20 mins,25 mins
154,homemade-yakisoba-sauce,2 mins,Not Available
155,pickled-ginger,8 hrs and 15 mins,5 mins
156,homemade-tonkatsu-sauce,5 mins,Not Available
157,japanese-rice-gohan,5 mins,30 mins
158,miso-soup,10 mins,5 mins
159,katsu-curry,25 mins,40 mins
160,veggie-yaki-udon,10 mins,15 mins
161,chuka-fu-shredded-cabbage,5 mins,Not Available
162,tonkatsu-pork,20 mins,6 mins
163,veggie-okonomiyaki,15 mins,10 mins
164,quick-sushi-bowl,15 mins,10 mins
165,katsu-aubergine-noodles,20 mins,40 mins
166,japanese-katsudon,10 mins,20 mins
167,smoked-salmon-avocado-sushi,20 mins,10 mins
168,yakitori-chicken,15 mins,25 mins
169,goma-ae-japanese-greens,10 mins,5 mins
170,miso-steak,10 mins,10 mins
171,rice-quinoa-prawn-sushi-bowl,10 mins,20 mins
172,katsu-pork-sticky-rice,25 mins,35 mins
173,chicken-katsu-curry,20 mins,35 mins
175,chicken-katsu-curry-burger,20 mins,15 mins
176,next-level-chicken-katsu-curry,20 mins,45 mins
178,aubergine-katsu-curry,15 mins,45 mins
179,katsu-curry-wrap,10 mins,Not Available
180,katsu-curry-sauce,5 mins,20 mins
181,cheats-katsu-curry,15 mins,25 mins
182,chicken-katsu,10 mins,30 mins
184,lighter-chicken-katsu,30 mins,50 mins
185,katsu-sandos,10 mins,10 mins
186,prawn-katsu-burgers,30 mins,10 mins
187,chip-shop-curry-sauce,20 mins,1 hr
188,scandi-smoked-mackerel-rye,20 mins,Not Available
189,scandi-trout-fennel-potato-salad,15 mins,25 mins
190,princess-cake,2 hrs,20 mins
191,soused-mackerel-creme-fraiche-capers,10 mins,Not Available
192,scandi-salmon-pie,45 mins,40 mins
193,super-quick-scandi-supper,15 mins,5 mins
194,scandi-smoked-salmon-potatoes,15 mins,15 mins
195,scandi-salmon-salad,15 mins,20 mins
196,scandi-style-sausage-hash-pickled-beetroot,20 mins,30 mins
197,brown-butter-boxty-blinis,20 mins,1 hr and 45 mins
198,scandi-meatballs,5 mins,30 mins
199,scandi-smoked-salmon,10 mins,Not Available
200,scandi-beetroot-salmon-pasta,10 mins,15 mins
201,scandi-cheese-crackers,10 mins,Not Available
202,scandinavian-roast-turkey-prune-juniper-stuffing-caramelised-apples,35 mins,3 hrs and 25 mins
203,scandi-style-flatbread,5 mins,10 mins
204,scandi-goats-cheese-sweet-potato-coulibiac,50 mins,1 hr
205,scandi-style-oysters,5 mins,Not Available
206,gratin-fresh-smoked-salmon-beetroot-potatoes-dill,25 mins,1 hr and 25 mins
207,classic-swedish-meatballs,15 mins,20 mins
208,apple-cream-and-cardamom-surprise,10 mins,40 mins
209,glogg,5 mins,15 mins
210,mustardy-salmon-beetroot-lentils,10 mins,10 mins
211,cured-pollack-dill-cream-radish-salad,20 mins,25 mins
212,sweet-german-dumplings,30 mins,50 mins
213,black-forest-gateau,40 mins,Not Available
214,red-berry-fruit-compote-german-rote-grutze,5 mins,25 mins
215,german-cheese-bacon-pancakes,10 mins,20 mins
217,schmarren-with-raisins,10 mins,25 mins
219,black-forest-tart,45 mins,50 mins
220,sausages-braised-cabbage-caraway,5 mins,30 mins
222,christmas-stollen-almonds-and-marzipan,1 hr and 25 mins,1 hr and 15 mins
224,stollen-muffins,20 mins,20 mins
225,spiced-stollen-plait,50 mins,30 mins
226,klump,15 mins,40 mins
227,ham-cheese-dutch-baby-pancake,15 mins,35 mins
228,dutch-baby-pancake-drunken-cherries,20 mins,20 mins
229,baumkuchen,30 mins,30 mins
230,zimtsterne-cinnamon-stars,30 mins,15 mins
231,simple-sauerkraut,30 mins,Not Available
233,lebkuchen,15 mins,15 mins
234,stollen-spirals,45 mins,30 mins
235,stollen-wreath-cake,1 hr,50 mins
236,huevos-rancheros,10 mins,15 mins
237,flan,10 mins,55 mins
238,black-bean-turkey-tinga-with-avocado-crema,20 mins,30 mins
239,healthier-burritos,20 mins,50 mins
240,beef-enchiladas,20 mins,45 mins
241,tacos-dorados-de-barbacoa,40 mins,4 hrs and 20 mins
242,sweet-spicy-carrot-tacos,30 mins,40 mins
243,mexican-street-corn-soup,15 mins,15 mins
244,chicken-bean-enchiladas,10 mins,55 mins
245,gingerbread-tres-leches-cake,30 mins,40 mins
246,birria-tacos,25 mins,3 hrs and 30 mins
247,cheesy-black-bean-quesadillas,15 mins,10 mins
248,mexican-fiesta-rice,15 mins,25 mins
249,easy-chicken-fajitas,15 mins,10 mins
250,spicy-beef-taco-bowl,15 mins,25 mins
251,mexican-tomato-rice,10 mins,30 mins
252,goat-mole-chilli-with-pickled-radishes,25 mins,6 hrs
253,tres-leches-cake,30 mins,40 mins
254,black-bean-tostadas-avocado-salsa,10 mins,15 mins
255,pasilla-mole,20 mins,1 hr and 30 mins
256,best-ever-chunky-guacamole,10 mins,Not Available
257,prawn-chorizo-quesadilla,10 mins,15 mins
258,shredded-beef-chilli-taco-bowls,15 mins,5 hrs
259,smoky-veggie-nachos,25 mins,15 mins
260,moroccan-meatball-tagine-lemon-olives,25 mins,40 mins
261,aromatic-lamb-dates,5 mins,15 mins
262,pumpkin-cranberry-red-onion-tagine,20 mins,25 mins
263,moroccan-spiced-fish-ginger-mash,10 mins,20 mins
264,moroccan-haira,15 mins,40 mins
265,speedy-moroccan-meatballs,5 mins,15 mins
266,moroccan-roast-lamb-roasted-roots-coriander,15 mins,55 mins
267,easy-chicken-tagine,10 mins,40 mins
268,moroccan-spiced-pie,1 hr and 30 mins,35 mins
269,tabbouleh-0,15 mins,20 mins
270,moroccan-spiced-cauliflower-almond-soup,5 mins,25 mins
271,spiced-bulgur-wheat-roasted-peppers,10 mins,4 mins
272,moroccan-chickpea-soup-0,5 mins,20 mins
273,moroccan-kofte-spicy-tomato-sauce,25 mins,20 mins
274,spicy-moroccan-rice,20 mins,Not Available
275,moroccan-spiced-carrots,5 mins,10 mins
276,moroccan-orange-cardamom-cake,15 mins,2 hrs and 5 mins
277,tangy-couscous-salad,10 mins,Not Available
278,moroccan-chard-lamb-pan-fry,10 mins,20 mins
279,versatile-dip,15 mins,Not Available
280,moroccan-freekeh-traybake,5 mins,30 mins
281,fish-tagine-saffron-almonds,15 mins,25 mins
282,moroccan-roast-chicken-apricots,20 mins,50 mins
283,moroccan-spiced-turkey-pie,20 mins,1 hr and 15 mins
284,spiced-tortilla,5 mins,20 mins
285,roast-cod-paella-saffron-olive-oil,20 mins,1 hr
286,easy-spanish-chicken,15 mins,1 hr
287,jamon-wild-garlic-croquetas,30 mins,30 mins
288,arroz-con-gambas-y-calamar,25 mins,50 mins
289,churros-chocolate-dipping-sauce,1 hr,Not Available
290,padron-peppers,2 mins,5 mins
291,olive-oil-chocolate-mousse-with-px-almond-biscuits,25 mins,20 mins
292,next-level-paella,40 mins,50 mins
293,sangria,10 mins,Not Available
294,pan-fried-hake-white-bean-chorizo-broth,15 mins,50 mins
295,clam-chorizo-white-bean-stew,15 mins,20 mins
296,spanish-chicken-pie,10 mins,30 mins
297,arroz-al-horno-baked-rice,20 mins,55 mins
298,spanish-sardines-toast,5 mins,5 mins
299,chorizo-soft-boiled-egg-salad,15 mins,15 mins
300,chorizo-potato-cheese-omelette,8 mins,20 mins
301,horchata,20 mins,Not Available
302,pisto-con-huevos,20 mins,1 hr
303,chicken-chorizo-rice-pot,20 mins,1 hr and 20 mins
304,pollo-en-pepitoria,35 mins,1 hr and 10 mins
305,spanish-fig-almond-balls,20 mins,Not Available
306,spanish-chicken,15 mins,45 mins
307,torrijas-sherry,5 mins,10 mins
308,easy-pad-thai,30 mins,Not Available
309,panang-chicken-curry-kaeng-panang-gai,20 mins,15 mins
310,tom-yum-soup-with-prawns,10 mins,30 mins
311,thai-green-chicken-curry-0,30 mins,25 mins
312,thai-chicken-and-sweet-potato-soup,5 mins,30 mins
313,thai-inspired-coconut-chicken-soup,10 mins,25 mins
314,thai-curry-noodle-soup,5 mins,15 mins
315,tom-yum-hot-sour-soup-prawns,15 mins,8 mins
316,turkey-larb-bowls,25 mins,20 mins
317,next-level-pad-thai,15 mins,10 mins
318,thai-pork-peanut-curry,10 mins,30 mins
319,thai-fried-rice-prawns-peas,10 mins,10 mins
320,thai-prawn-ginger-spring-onion-stir-fry,30 mins,10 mins
321,thai-beef-stir-fry,5 mins,5 mins
322,suki,30 mins,2 hrs and 30 mins
323,thai-shredded-chicken-runner-bean-salad,30 mins,5 mins
324,ken-homs-stir-fried-chicken-chillies-basil,40 mins,Not Available
325,thai-style-steamed-fish,10 mins,15 mins
326,thai-minced-chicken-salad,40 mins,10 mins
327,ultimate-makeover-thai-green-chicken-curry,35 mins,20 mins
328,fragrant-thai-prawns,1 hr,Not Available
329,tempeh-pad-thai,20 mins,20 mins
330,thai-rice-noodle-salad,12 mins,10 mins
331,red-curry-chicken-kebabs,15 mins,5 mins
333,lamb-chops-hummus-roasted-tomatoes,35 mins,15 mins
334,mediterranean-fish-gratins,25 mins,55 mins
335,speedy-mediterranean-gnocchi,5 mins,Not Available
336,mediterranean-salad-with-hummus-dressing,10 mins,15 mins
337,deli-couscous,5 mins,10 mins
338,mediterranean-spelt-stuffed-peppers,20 mins,25 mins
339,mediterranean-turkey-stuffed-peppers,20 mins,30 mins
340,mediterranean-potato-salad-0,10 mins,25 mins
341,antipasti-salmon,10 mins,30 mins
342,all-one-fish-supper,15 mins,25 mins
343,crispy-fried-calamari-aioli,10 mins,10 mins
344,courgette-quinoa-stuffed-peppers,10 mins,20 mins
345,bacon-brie-omelette-wedges-summer-salad,20 mins,Not Available
346,barcelona-baguette,5 mins,Not Available
347,herbed-lamb-cutlets-roasted-vegetables,15 mins,45 mins
348,chorizo-pilaf,10 mins,40 mins
349,broad-bean-feta-cheese-toasts,25 mins,4 mins
350,speedy-goats-cheese-lentil-filo-pie,5 mins,30 mins
351,slow-cooker-spanish-chicken,15 mins,6 hrs and 20 mins
352,vegan-stuffed-peppers,15 mins,30 mins
353,mediterranean-savoury-gt,10 mins,Not Available
354,caponata,35 mins,1 hr and 15 mins
355,spanish-meatball-butter-bean-stew,15 mins,35 mins
357,north-african-chicken-tagine,15 mins,1 hr and 25 mins
358,chicken-tagine-lemons-olives-pomegranates,10 mins,1 hr and 30 mins
359,chicken-chickpea-tagine,10 mins,1 hr and 15 mins
360,chicken-tagine-spiced-brussels-feta,10 mins,35 mins
361,moroccan-chicken-fennel-olives,10 mins,45 mins
362,lamb-squash-apricot-tagine,10 mins,1 hr and 40 mins
363,slow-cooker-lamb-tagine,20 mins,4 hrs
364,persian-lamb-tagine,25 mins,1 hr and 50 mins
365,fruity-lamb-tagine,15 mins,1 hr and 30 mins
366,one-pan-lamb-tagine-with-chickpeas,20 mins,2 hrs and 30 mins
367,lamb-apricot-shallot-tagine,30 mins,7 hrs and 30 mins
368,lamb-tagine-dates-sweet-potatoes,30 mins,2 hrs
369,lamb-apricot-stew,10 mins,35 mins
370,family-meals-easy-lamb-tagine,10 mins,2 hrs and 10 mins
371,lamb-cranberry-tagine,10 mins,3 hrs and 30 mins
372,tagine-lamb-merguez-sausages,4 hrs,Not Available
374,turkish-lamb-pilau,30 mins,Not Available
375,lamb-christmas-spices,20 mins,1 hr
376,sweet-spiced-lamb-shanks-quince,10 mins,3 hrs
382,cod-olive-tagine-with-brown-rice,15 mins,55 mins
383,fragrant-fish-tagine,20 mins,40 mins
389,5-day-tagine,10 mins,35 mins
391,duck-tagine-clementines,15 mins,2 hrs
392,vegetable-tagine-chickpeas-raisins,10 mins,Not Available
393,vegetable-tagine-almond-chickpea-couscous,20 mins,15 mins
394,moroccan-tagine,25 mins,1 hr and 40 mins
396,moroccan-mushrooms-couscous,15 mins,15 mins
398,moroccan-lamb-meatballs-harissa-couscous,35 mins,20 mins
399,roast-summer-vegetables-chickpeas,20 mins,50 mins
401,turkish-pizza-spiced-pomegranate-beef-feta,15 mins,10 mins
402,lahmacun,40 mins,15 mins
403,turkish-rice-vermicelli-rice,15 mins,30 mins
404,imam-bayildi-bbq-lamb-tzatziki,15 mins,1 hr and 30 mins
405,turkish-one-pan-eggs-peppers-menemen,10 mins,25 mins
406,spinach-chilli-bean-pide,20 mins,45 mins
407,ezme,10 mins,Not Available
408,grilled-aubergines-spicy-chickpeas-walnut-sauce,20 mins,30 mins
409,cacik,15 mins,Not Available
410,diy-kofta-burgers,30 mins,20 mins
411,hot-cumin-lamb-wrap-crunchy-slaw-spicy-mayo,10 mins,8 mins
412,smoked-aubergine-puree,5 mins,30 mins
413,slow-roast-lamb-cinnamon-fennel-citrus,15 mins,4 hrs and 20 mins
414,chicken-wings-cumin-lemon-garlic,10 mins,50 mins
415,adana-kebab,5 mins,15 mins
416,rose-cream-raspberry-jellies,10 mins,5 mins
418,smoky-chicken-skewers,15 mins,15 mins
419,chilli-ginger-lamb-chops,10 mins,6 mins
420,spicy-falafels,10 mins,10 mins
421,almond-honey-pastries-orange-cream,45 mins,15 mins
422,aubergine-couscous-salad,10 mins,15 mins
423,roasted-chicken-creamy-walnut-sauce,15 mins,40 mins
424,easy-hummus-recipe,5 mins,Not Available
425,vietnamese-chicken-noodle-soup,20 mins,25 mins
426,vietnamese-caramel-trout,5 mins,15 mins
427,banh-mi,25 mins,40 mins
428,steak-vietnamese-noodle-salad,15 mins,10 mins
429,purple-sprouting-broccoli-tempura-with-nuoc-cham,5 mins,15 mins
430,vietnamese-egg-coffee,20 mins,Not Available
432,vietnamese-chicken-salad,20 mins,Not Available
433,salt-pepper-squid,20 mins,5 mins
434,salmon-noodle-soup,15 mins,20 mins
435,vietnamese-style-caramel-pork,10 mins,20 mins
436,vietnamese-veggie-hotpot,5 mins,20 mins
437,vietnamese-prawn-summer-rolls,30 mins,Not Available
438,vietnamese-pork-salad,1 hr and 10 mins,Not Available
439,beef-pho,25 mins,45 mins
440,bang-bang-prawn-salad,15 mins,5 mins
441,vietnamese-prawn-salad,20 mins,Not Available
442,tofu-greens-cashew-stir-fry,10 mins,10 mins
443,prawn-spring-roll-wraps,10 mins,20 mins
444,vietnamese-veg-parcels,15 mins,Not Available
445,barbecue-pork-buns,25 mins,25 mins
446,vietnamese-prawn-spiralized-rolls,40 mins,Not Available
447,vietnamese-prawn-noodle-salad-crispy-shallots,15 mins,10 mins
448,crunchy-prawn-noodle-salad-0,15 mins,5 mins
449,pomegranate-chicken-almond-couscous,5 mins,15 mins
450,halloumi-quinoa-fattoush,7 mins,10 mins
451,summer-couscous-salad,40 mins,Not Available
452,shakshuka,5 mins,20 mins
454,zeljanica-cheese-spinach-pie,25 mins,45 mins
455,quick-salmon-preserved-lemon-olive-pilaf,10 mins,30 mins
457,simit-bread,30 mins,15 mins
458,fatteh-makdous-lamb-stuffed-baby-aubergines-in-tomato-tahini-sauce,20 mins,1 hr
459,tarator-style-salmon,10 mins,15 mins
460,chicken-pomegranate-brazil-nuts,35 mins,45 mins
461,middle-eastern-carrot-salad,15 mins,Not Available
462,nutty-baklava,40 mins,1 hr and 5 mins
463,spiced-cauliflower-roast,20 mins,40 mins
464,hummus,10 mins,Not Available
465,lebanese-poussin-spiced-aubergine-pilaf,15 mins,45 mins
466,baba-ganoush,10 mins,40 mins
467,zaatar-croissants,10 mins,20 mins
468,labneh-radishes-sumac-toast,5 mins,10 mins
470,herby-quinoa-feta-pomegranate-salad,10 mins,15 mins
471,lamb-apricot-meatballs,10 mins,20 mins
472,middle-eastern-bread-goats-cheese-salad,20 mins,5 mins
473,vegetable-tagine-apricot-quinoa,30 mins,45 mins
476,chickpea-roasted-veg-tagine,20 mins,50 mins
477,cauliflower-olive-lentil-tagine,15 mins,25 mins
478,butternut-squash-chickpea-tagine,5 mins,25 mins
482,lemon-mint-aubergine-tagine-almond-couscous,25 mins,25 mins
483,mixed-vegetable-tagine,50 mins,Not Available
484,pearl-barley-parsnip-preserved-lemon-tagine,25 mins,1 hr
485,smoky-aubergine-tagine-lemon-apricots,20 mins,1 hr
486,chickpea-tagine-soup,10 mins,30 mins
495,next-level-chocolate-babka,1 hr and 30 mins,40 mins
499,polish-apple-cake-szarlotka,35 mins,1 hr
500,piernik-polish-gingerbread,1 hr,1 hr and 5 mins
501,easy-pork-chive-dumplings,1 hr and 30 mins,50 mins
506,one-pot-glass-noodles-braised-chinese-mushrooms,15 mins,25 mins
508,sweet-sour-prawns,15 mins,15 mins
509,crossing-the-bridge-noodles,40 mins,1 hr and 20 mins
510,one-pot-crystal-chicken,15 mins,20 mins
511,stir-fried-garlic-green-beans,5 mins,10 mins
512,sticky-lemon-chicken-0,10 mins,30 mins
514,crisp-chinese-pork,10 mins,Not Available
515,pineapple-fried-rice,10 mins,10 mins
516,sichuan-style-yuxiang-aubergine,15 mins,15 mins
518,veggie-bao-buns,1 hr and 30 mins,30 mins
519,prawns-in-longjing-tea,10 mins,4 mins
520,chilli-pork-spare-ribs,10 mins,1 hr and 30 mins
521,bacon-dried-shrimp-spring-onion-chee-cheong-fun-rolls,15 mins,35 mins
522,curried-sweetcorn-soup-chicken,10 mins,20 mins
523,fried-stuffed-cucumbers,35 mins,20 mins
527,easy-beef-burritos,15 mins,30 mins
528,raid-fridge-burritos,30 mins,30 mins
529,breakfast-burrito,5 mins,10 mins
530,marathon-burritos,20 mins,1 hr
531,healthy-chicken-burritos,10 mins,25 mins
532,vegan-burritos,10 mins,30 mins
533,burrito-bowl-chipotle-black-beans,15 mins,15 mins
534,easy-chicken-burritos,10 mins,15 mins
535,brazil-nut-burritos,15 mins,5 mins
536,belly-pork-pineapple-burritos,10 mins,3 hrs and 40 mins
537,steak-burrito-bowl,5 mins,5 mins
538,tex-mex-burrito,10 mins,10 mins
539,sushi-burrito,45 mins,10 mins
541,chapatis,15 mins,10 mins
542,bacon-chapati,5 mins,10 mins
543,spicy-vegetable-chapati-wraps,10 mins,20 mins
544,chickpea-spinach-chapatis,5 mins,15 mins
545,spicy-scrambled-eggs-chapatis,10 mins,7 mins
546,spinach-omelette-chapati-wraps,5 mins,15 mins
547,spicy-red-lentil-soup-cheese-chapatis,10 mins,40 mins
548,bombay-lamb-wraps,5 mins,50 mins
549,coronation-turkey-homemade-chapatis,20 mins,30 mins
550,chicken-masala-skewers,15 mins,12 mins
552,bean-enchiladas,10 mins,30 mins
553,chicken-and-bean-enchiladas,20 mins,50 mins
555,enchilada-pie,5 mins,20 mins
557,vegan-enchiladas,50 mins,45 mins
558,chicken-enchilada-wraps,20 mins,12 mins
559,rice-bean-enchiladas,10 mins,30 mins
560,enchilada-sauce,10 mins,20 mins
561,chicken-bean-enchiladas-0,10 mins,30 mins
562,pork-chorizo-enchiladas,30 mins,1 hr and 10 mins
563,squash-bean-enchiladas,15 mins,55 mins
564,turkey-tortilla-pie,5 mins,25 mins
565,cabbage-roll-enchiladas,15 mins,10 mins
566,turkey-enchiladas,20 mins,30 mins
567,fennel-potato-gratin,15 mins,1 hr and 10 mins
568,fennel-gratin,5 mins,25 mins
569,ultimate-gratin-dauphinois,20 mins,30 mins
570,potato-leek-gratin,1 hr and 20 mins,Not Available
571,celeriac-potato-rosemary-gratin,25 mins,1 hr and 15 mins
572,pumpkin-potato-gratin,1 hr and 15 mins,Not Available
573,turnip-gratin,20 mins,1 hr
574,dauphinoise-potatoes,20 mins,45 mins
575,smoked-haddock-gratin-0,15 mins,30 mins
576,prosciutto-pesto-fish-gratin,5 mins,15 mins
577,next-level-dauphinoise-potatoes,30 mins,1 hr and 10 mins
578,courgette-bacon-brie-gratin,50 mins,Not Available
579,tuna-arrabbiata-pasta-gratin,10 mins,20 mins
580,gratin-carrots-root-vegetables,1 hr and 15 mins,1 hr and 25 mins
581,cheesy-cauliflower-bacon-gratin,15 mins,45 mins
582,oaty-fish-prawn-gratins,12 mins,28 mins
583,fennel-tomato-gratin,10 mins,1 hr
584,creamy-potato-shallot-gratin,25 mins,1 hr
585,creamy-parsnip-mustard-gratin,10 mins,1 hr and 25 mins
587,truffle-chicken-potato-gratin,20 mins,1 hr and 5 mins
588,creamy-celery-gratin,15 mins,40 mins
589,smoked-haddock-gratin,15 mins,1 hr and 35 mins
590,chinese-chicken-curry,15 mins,40 mins
591,lighter-sweet-sour-pork,30 mins,15 mins
593,sea-bass-sizzled-ginger-chilli-spring-onions,15 mins,10 mins
594,chinese-poached-chicken-rice,20 mins,40 mins
595,lighter-chinese-chilli-beef,35 mins,10 mins
596,chinese-steamed-bass-cabbage,10 mins,10 mins
597,smacked-cucumber-pickles-0,10 mins,Not Available
598,thin-stemmed-broccoli-hoisin-sauce-fried-shallots,5 mins,15 mins
599,spicy-vegetable-egg-fried-rice,10 mins,20 mins
600,speedy-soy-spinach,5 mins,5 mins
601,spiced-pork-heaps-stir-fried-greens,30 mins,Not Available
602,peppers-black-beans,30 mins,40 mins
603,stir-fried-rice-cabbage-bacon,15 mins,Not Available
604,lettuce-rolls,20 mins,25 mins
606,pick-mix-noodle-plate,15 mins,20 mins
607,pork-noodle-pan-fry-sweet-spicy-sauce,2 mins,8 mins
608,veggie-peanut-noodles-coriander-omelette-ribbons,15 mins,15 mins
609,veggie-rice-pot,10 mins,25 mins
610,poached-fish-ginger-sesame,8 mins,10 mins
611,carrot-sugar-snap-salad,10 mins,Not Available
612,masala-chai,10 mins,5 mins
613,rasgulla,30 mins,30 mins
614,chicken-dopiaza,10 mins,30 mins
615,railway-lamb-curry,35 mins,1 hr and 45 mins
616,mushroom-bhaji,10 mins,1 hr and 25 mins
617,creamy-tofu-curry-with-homemade-roti,20 mins,45 mins
618,peshwari-naan,30 mins,25 mins
619,soan-papdi,20 mins,1 hr
620,bombay-potato-fishcakes,5 mins,20 mins
621,papdi-chaat,45 mins,25 mins
622,boondi-raita,5 mins,Not Available
623,kachori,45 mins,45 mins
624,spiced-squash-curry-leaf-pickle,1 hr,2 hrs
625,punjabi-cauliflower-with-potatoes-aloo-gobi,15 mins,40 mins
626,khichdi,25 mins,45 mins
627,chicken-tikka,10 mins,10 mins
628,easy-pilau-rice,10 mins,30 mins
629,paratha-indian-flatbreads,25 mins,5 mins
630,kaju-katli,30 mins,15 mins
631,classic-butter-chicken,45 mins,50 mins
632,vegan-biryani,15 mins,45 mins
633,paneer-makhani,20 mins,25 mins
634,paneer-chutney-pakora,25 mins,15 mins
635,kitchari,15 mins,50 mins
636,healthy-tikka-masala,10 mins,55 mins
637,easy-peasy-lentil-curry,5 mins,45 mins
639,khatti-dhal,15 mins,1 hr and 15 mins
640,lahori-chanay-ki-daal,10 mins,45 mins
641,lamb-jalfrezi-cumin-rice,20 mins,40 mins
642,tarka-dhal,10 mins,1 hr
643,indian-butternut-squash-curry,10 mins,40 mins
644,indian-chickpeas-poached-eggs,5 mins,10 mins
645,chicken-shawarma-salad,30 mins,10 mins
646,cheats-black-dhal,15 mins,20 mins
647,indian-potato-pie,30 mins,1 hr and 5 mins
648,indian-summer-salad,20 mins,Not Available
649,indian-winter-soup,15 mins,30 mins
650,indian-bread-courgettes-coriander,1 hr and 15 mins,Not Available
651,indian-cucumber-salad,10 mins,Not Available
652,south-indian-fish-curry-chickpeas,10 mins,25 mins
653,indian-sweet-potato-dhal-pies,15 mins,25 mins
654,indian-bean-broccoli-carrot-salad,15 mins,15 mins
655,lighter-south-indian-fish-curry,20 mins,20 mins
657,chicken-tikka-skewers,20 mins,20 mins
658,chicken-jalfrezi,10 mins,1 hr
659,cardamom-biscuits-nan-khatai,25 mins,20 mins
661,nutty-atta-laddoo,5 mins,15 mins
663,chocolate-barfi,10 mins,25 mins
665,coconut-pastries-gujiya,30 mins,1 hr
666,boondi-laddu,35 mins,20 mins
667,cardamom-spiced-vermicelli-semiya-payasam,15 mins,20 mins
668,spiced-gram-flour-ladoo-besan-ladoo,30 mins,25 mins
669,indian-rice-pudding-kheer,15 mins,45 mins
670,punjabi-semolina-halwa-suji-halwa,20 mins,25 mins
671,pistachio-barfi,45 mins,1 hr
672,jalebi,5 mins,30 mins
673,malted-kulfi-caramel-bananas,10 mins,20 mins
674,indian-pancakes-with-saffron-rosewater-cream-malpua-rabri,50 mins,50 mins
675,kalakand,15 mins,20 mins
676,cardamom-spiced-vermicelli,15 mins,20 mins
677,irish-stew,30 mins,2 hrs
678,irish-apple-tart,30 mins,1 hr
679,guinness-chocolate-puddings,25 mins,18 mins
680,irish-whiskey-old-fashioned,5 mins,Not Available
681,soda-farls,8 mins,20 mins
682,irish-malted-bread,15 mins,25 mins
683,irish-coddled-pork-cider,5 mins,Not Available
684,rustic-oat-treacle-soda-bread,10 mins,30 mins
685,irish-soda-bread,55 mins,Not Available
686,slow-cooked-irish-stew,20 mins,8 hrs
687,smoked-wild-irish-salmon-chive-pancakes,30 mins,Not Available
688,parsnip-potato-st-gall-cheese-gratin,30 mins,2 hrs
689,potato-spring-onion-breakfast-pancakes,15 mins,30 mins
691,mustard-champ,10 mins,20 mins
692,potato-cakes-smoked-salmon-cream-cheese,25 mins,2 hrs and 5 mins
693,irish-stew-0,20 mins,40 mins
694,boiled-bacon-cabbage-carrots,20 mins,2 hrs
695,celeriac-champ-0,15 mins,20 mins
696,black-velvet-baby-cakes,35 mins,25 mins
697,colcannon,40 mins,Not Available
698,guinness-honey-glazed-pork-loin,2 hrs,Not Available
699,smoked-haddock-colcannon,10 mins,Not Available
700,loin-bacon-colcannon-butter-sauce,1 hr and 45 mins,2 hrs
701,caprese-salad,10 mins,Not Available
702,lasagne-soup,15 mins,45 mins
703,spaghetti-puttanesca,15 mins,20 mins
704,carbonara-arancini,1 hr and 30 mins,1 hr
705,quick-pizza-dough-2,20 mins,20 mins
706,lighter-chicken-cacciatore,15 mins,50 mins
707,air-fryer-garlic-bread,10 mins,8 mins
708,strawberry-panna-cotta,30 mins,25 mins
709,cacio-e-pepe,5 mins,10 mins
710,garlic-parmesan-breaded-chicken-with-quick-giardiniera,40 mins,25 mins
711,spinach-crespolini,25 mins,45 mins
712,pasta-alla-norma,10 mins,1 hr
713,alfredo-sauce,5 mins,5 mins
714,herby-lamb-fillet-caponata,10 mins,25 mins
715,aubergine-chilli-tagliolini,10 mins,25 mins
716,pizza-margherita-4-easy-steps,25 mins,10 mins
717,classic-spaghetti-bolognese,10 mins,1 hr
718,arrabbiata-sauce,10 mins,25 mins
719,italian-aubergine-traybake,10 mins,50 mins
720,blackberry-zabaglione,5 mins,10 mins
721,spaghetti-smoky-tomato-seafood-sauce,5 mins,15 mins
722,orange-polenta-cake,20 mins,45 mins
723,ricciarelli-biscuits,15 mins,25 mins
724,vanilla-panna-cotta,10 mins,5 mins
725,amaretti-sultana-cheesecake,20 mins,35 mins
726,sherry-almond-orange-pandoro,10 mins,5 mins
727,raspberry-lemon-polenta-cake,15 mins,30 mins
728,zabaglione-trifle-slice,35 mins,8 mins
729,amaretti-peaches-honey-chocolate,45 mins,Not Available
730,iced-hazelnut-zabagliones,25 mins,5 mins
731,best-ever-tiramisu,30 mins,Not Available
732,italian-cookies-ice-cream,15 mins,Not Available
733,vanilla-panna-cotta-caramelised-orange,30 mins,20 mins
734,cannoli,40 mins,30 mins
735,tiramisu-ice-cream-cake,35 mins,Not Available
736,torta-del-nonna,40 mins,1 hr and 15 mins
737,strawberry-parfait-vin-santo-mascarpone-biscotti,25 mins,30 mins
738,peach-almond-tart-0,25 mins,1 hr and 20 mins
739,mango-sgroppino,5 mins,Not Available
740,tonka-bean-panna-cotta-roasted-rhubarb,20 mins,25 mins
742,chocolate-pistachio-nougat-semifreddo,25 mins,5 mins
743,plum-amaretti-semifreddo,25 mins,15 mins
744,affogato-al-caffe-vanilla-ice-cream-coffee,5 mins,Not Available
745,strawberry-mint-granita,10 mins,10 mins
746,ultimate-spaghetti-carbonara-recipe,15 mins,20 mins
747,marinara-sauce,5 mins,22 mins
749,caponata-pasta,2 mins,18 mins
750,air-fryer-meatballs,20 mins,12 mins
752,nduja-spring-greens-pasta,15 mins,25 mins
754,classic-lasagne-0,20 mins,1 hr and 40 mins
756,best-spaghetti-bolognese-recipe,25 mins,1 hr and 50 mins
757,fettucine-alfredo,15 mins,10 mins
758,spaghetti-aglio-e-olio,3 mins,12 mins
759,penne-arrabbiata-aubergine,8 mins,35 mins
761,hand-cut-pappardelle,1 hr,5 mins
762,orecchiette-cavolo-nero-anchovies-pangrattato,15 mins,15 mins
763,spaghetti-genovese,25 mins,Not Available
764,pasta-con-il-pesto-alla-trapanese-tomato-and-almond-pesto,45 mins,Not Available
765,pasta-e-fagioli-2,15 mins,35 mins
766,sicilian-aubergine-pine-nut-raisin-fusilli,20 mins,35 mins
767,homemade-ravioli,1 hr,25 mins
768,spaghetti-meatballs,30 mins,30 mins
769,challah,30 mins,30 mins
770,pastrami-sandwich,10 mins,Not Available
771,cheese-onion-rugelach,25 mins,18 mins
772,lokshen-pudding,10 mins,40 mins
773,jam-doughnut-pancakes,10 mins,30 mins
774,cinnamon-balls,15 mins,30 mins
775,pomegranate-brisket,30 mins,3 hrs
776,passover-chicken-soup-with-horseradish-dill-matzo-balls,35 mins,3 hrs and 35 mins
777,matzo-granola-with-coconut-cashew-cranberry,5 mins,20 mins
778,strawberry-halva-hamantaschen,45 mins,20 mins
779,cinnamon-date-honey-pistachio-babka-buns,55 mins,20 mins
780,potato-celeriac-kugel,30 mins,45 hrs
781,raspberry-white-chocolate-rugelach,1 hr,25 mins
782,jewish-honey-cake,30 mins,35 mins
783,ashkenazi-charoset,15 mins,10 mins
784,zaatar-herb-potato-latkes,30 mins,30 mins
785,chewy-almond-macaroon-biscuits,20 mins,20 mins
786,cinnamon-raisin-walnut-rugelach,1 hr,25 mins
787,sephardi-charoset,5 mins,10 mins
788,hanukkah-biscuits,30 mins,25 mins
789,korean-fried-chicken,15 mins,15 mins
790,korean-corndogs,25 mins,10 mins
791,tteokbokki-spicy-rice-cakes,5 mins,15 mins
792,korean-hotdog,15 mins,5 mins
793,spicy-kimchi-pancake-kimchi-jeon,10 mins,10 mins
794,korean-clam-broth-jogaetang,10 mins,10 mins
795,korean-bibimbap,20 mins,10 mins
796,sticky-korean-chicken-drumsticks,30 mins,1 hr
797,hwachae-korean-watermelon-punch,15 mins,Not Available
798,korean-fried-chicken-burgers,30 mins,20 mins
799,korean-style-fried-rice,10 mins,15 mins
800,kimbap,45 mins,10 mins
801,quick-easy-korean-pork,15 mins,15 mins
802,korean-bbq-sauce,15 mins,20 mins
803,korean-bbq-wings,10 mins,40 mins
804,korean-crusted-roast-lamb,20 mins,2 hrs
805,stir-fried-korean-beef,10 mins,10 mins
806,korean-rice-pot,15 mins,20 mins
807,korean-beef-bulgogi-skewers,15 mins,10 mins
808,korean-chicken-wings-sesame-slaw,5 mins,50 mins
809,korean-fishcakes-fried-eggs-spicy-salsa,15 mins,12 mins
810,ssamjang,10 mins,Not Available
811,kimchi-jjigae,20 mins,25 mins
812,japchae-stir-fried-noodles,20 mins,20 mins
814,phat-thai,30 mins,12 mins
815,10-minute-pad-thai,5 mins,5 mins
816,super-fast-pad-thai,5 mins,10 mins
817,chicken-pad-thai,15 mins,15 mins
818,spicy-thai-prawn-noodles,15 mins,15 mins
819,tofu-asparagus-pad-thai,15 mins,15 mins
820,pad-thai,5 mins,10 mins
821,boxing-day-sprout-pad-thai,15 mins,10 mins
822,leftover-roast-chicken-pad-thai,10 mins,20 mins
824,vegetable-phat-thai,25 mins,10 mins
826,peanut-chicken-noodles,10 mins,5 mins
829,simple-sushi,40 mins,15 mins
830,sushi-rice,15 mins,15 mins
832,easy-salmon-sushi-rice-bowl,10 mins,20 mins
833,classic-california-roll,30 mins,10 mins
834,salmon-sushi-salad,15 mins,10 mins
836,chicken-onigiri,45 mins,15 mins
837,salmon-cucumber-sushi-rolls,20 mins,20 mins
839,sushi-rice-bowl-beef-egg-chilli-sauce,15 mins,20 mins
840,smoked-mackerel-maki-rolls,20 mins,25 mins
841,beetroot-avocado-nori-rolls-wasabi-dipping-sauce,40 mins,Not Available
843,kotlet-lamb-potato-patties,20 mins,35 mins
844,kuku-sabzi-herb-frittata-with-barberries,15 mins,55 mins
845,maast-o-khiar-yogurt-with-cucumber,5 mins,Not Available
846,salad-shirazi-tomato-cucumber-red-onion-salad,10 mins,Not Available
847,mahi-ba-zafferan-saffron-lemon-roasted-cod,5 mins,10 mins
848,sabzi-polo-aromatic-herb-rice,5 mins,30 mins
849,zoolbia-lacy-saffron-fritters,5 mins,25 mins
850,reshteh-polow-toasted-vermicelli-rice,2 mins,45 mins
851,rose-falooda,5 mins,17 mins
852,cheeky-chicken-satay,30 mins,10 mins
853,satay-sauce,5 mins,5 mins
854,satay-shots,20 mins,30 mins
855,pork-satay,20 mins,15 mins
856,satay-sweet-potato-curry,15 mins,45 mins
857,nutty-chicken-sate-strips,10 mins,8 mins
858,chicken-satay-salad,15 mins,5 mins
859,thai-satay-stir-fry,5 mins,10 mins
860,balinese-chicken-satay,40 mins,50 mins
861,satay-chicken-pieces,10 mins,1 hr
862,satay-noodle-soup,10 mins,15 mins
863,satay-grilled-aubergine,10 mins,15 mins
864,chicken-skewers-satay-dip,10 mins,12 mins
865,duck-satay-peanut-sauce,20 mins,10 mins
866,satay-chicken-mango-wraps,15 mins,15 mins
867,thai-satay-prawns,15 mins,10 mins
868,satay-chicken-noodle-soup-squash,25 mins,45 mins
869,spicy-satay-wings-peanut-sauce,20 mins,50 mins
870,satay-cauliflower-chickpea-curry-storecupboard-flatbreads,20 mins,40 mins
871,sticky-teriyaki-chicken-peanut-satay-slaw,35 mins,35 mins
872,patatas-bravas-meatballs,35 mins,1 hr and 20 mins
873,stuffed-peppadews,10 mins,Not Available
874,warm-kale-salad-almonds-serrano-ham,15 mins,20 mins
876,seafood-paella,40 mins,1 hr and 10 mins
877,ham-cheese-croquetas,20 mins,1 hr and 25 mins
878,spanish-omelette,10 mins,30 mins
879,seared-beef-grilled-pepper-caper-berry,10 mins,5 mins
880,spanish-skewers,20 mins,25 mins
881,andalusian-style-chicken,10 mins,25 mins
882,ham-croquetas,25 mins,35 mins
884,pancetta-date-chorizo-meatballs,20 mins,1 hr and 15 mins
885,citrus-fennel-marinated-olives,10 mins,5 mins
886,simmered-squid,20 mins,1 hr and 15 mins
887,clams-sherry-serrano-ham,5 mins,10 mins
888,parsley-omelette-olive-ricotta,10 mins,1 hr
889,baby-potatoes-sea-salt-herb-salsa,10 mins,45 mins
890,crispy-squid-capers,15 mins,10 mins
891,ham-peach-nibbles,15 mins,Not Available
892,spanish-tomato-salad,25 mins,Not Available
893,stuffed-grilled-vegetable-bites,15 mins,35 mins
894,warm-chickpea-chorizo-pepper-salad,10 mins,5 mins
895,sauteed-chorizo-red-wine,10 mins,15 mins
896,greek-bouyiourdi,10 mins,30 mins
900,spring-greens-spanakopita,45 mins,55 mins
901,leek-globe-artichoke-pie,30 mins,40 mins
904,lighter-spanakopita,1 hr,30 mins
906,pitta-bread,20 mins,40 mins
915,simple-mushroom-curry,15 mins,30 mins
917,dum-aloo,25 mins,30 mins
918,squash-cabbage-sabzi,10 mins,10 mins
921,bombay-potatoes,15 mins,25 mins
924,baked-veggie-korma,20 mins,40 mins
925,carrot-biriyani,10 mins,15 mins
928,matar-paneer,15 mins,10 mins
929,mexican-beans-avocado-toast,20 mins,10 mins
933,mexican-corn-salsa,5 mins,Not Available
935,mexican-potato-wedges,9 mins,Not Available
936,black-bean-tortilla-soup,15 mins,1 hr
937,mexican-hot-chocolate,1 min,8 mins
939,mexican-bean-salad,10 mins,10 mins
940,mexican-eggy-bread,10 mins,5 mins
941,baja-avocado-tacos-chipotle-cream-pickled-slaw,35 mins,10 mins
942,mexican-chilli-bean-tortilla,10 mins,15 mins
943,mexican-veggie-hash,10 mins,30 mins
944,tomato-burrito-rice,5 mins,40 mins
945,mexican-rice-bean-salad,20 mins,15 mins
946,mexican-bean-soup-guacamole,10 mins,20 mins
948,butternut-chilli,30 mins,1 hr
949,spicy-black-bean-tacos,15 mins,10 mins
950,classic-guacamole,25 mins,Not Available
955,mexican-penne-avocado,10 mins,20 mins
958,mushroom-tacos,30 mins,30 mins
959,chipotle-chicken,20 mins,30 mins
960,chicken-sweetcorn-tacos,30 mins,30 mins
961,chargrilled-vegetable-tacos-smoky-salsa,10 mins,30 mins
962,vegan-burrito-bowl,15 mins,20 mins
963,cajun-prawn-charred-corn-salad,20 mins,10 mins
964,mixed-bean-chilli-wedges,10 mins,40 mins
965,barbecued-chicken-fajita-skewers,30 mins,10 mins
966,black-eye-bean-mole-salsa,15 mins,5 mins
971,grilled-salmon-tacos-chipotle-lime-yogurt,15 mins,10 mins
973,spiced-black-bean-chicken-soup-kale,10 mins,15 mins
975,spicy-seafood-stew-tomatoes-lime,15 mins,30 mins
976,onion-bhajis-raita,30 mins,20 mins
977,red-onion-chilli-bhajis-mint-garlic-raita,15 mins,20 mins
978,onion-bhaji-yorkshire-puddings,15 mins,20 mins
979,bhaji-burger,30 mins,20 mins
980,onion-bhaji-fish-chips,15 mins,50 mins
981,onion-butternut-bhajis-rotis-mango-raita-mint-salad,40 mins,25 mins
982,baked-carrot-nigella-seed-bhajis-raita,30 mins,25 mins
983,roast-cod-curried-cauli-ower-puree-onion-bhaji,30 mins,1 hr and 10 mins
985,ultimate-makeover-french-onion-soup,30 mins,1 hr and 15 mins
986,british-onion-soup,30 mins,1 hr and 15 mins
987,onion-soup-herby-garlic-cheese-bread,10 mins,30 mins
988,roasted-onion-soup-goats-cheese-toasts,25 mins,1 hr
989,caramelised-onion-barley-soup-cheese-croutons,10 mins,35 mins
990,cider-onion-soup-cheese-apple-toasts,25 mins,35 mins
991,potato-rosti-cakes-sage-leaves,15 mins,15 mins
992,oven-baked-rosti-cake,25 mins,1 hr and 25 mins
993,parsnip-rosti-with-harissa-feta-caramelised-red-onions,30 mins,45 mins
994,rosti-topped-fish-pie,15 mins,25 mins
995,rosti-bolognese-pie,1 hr and 30 mins,Not Available
996,goats-cheese-bacon-rosti,45 mins,Not Available
997,marys-prawn-corn-rosti,55 mins,Not Available
998,potato-parsnip-horseradish-baked-rosti,20 mins,1 hr and 15 mins
999,swede-potato-rosti-topped-shepherds-pie,30 mins,1 hr and 15 mins
1000,sprout-black-pudding-apple-rostis,15 mins,15 mins
1001,crisp-potato-cake,20 mins,1 hr
1002,rosti-fish-cakes,15 mins,20 mins
1003,big-breakfast-courgette-potato-rosti,20 mins,35 mins
1004,crispy-neeps-n-tatties-cake,20 mins,1 hr
1005,raggmunk,10 mins,10 mins
1006,cottage-pie-cakes,15 mins,20 mins
1007,iraqi-lamb-kofta-kebabs,25 mins,1 hr
1008,lamb-harissa-cauliflower-shepherds-pie,40 mins,2 hrs and 20 mins
1009,air-fryer-harissa-sausage-veg-traybake,15 mins,45 mins
1010,spiced-harissa-lamb-pasties,45 mins,1 hr and 30 mins
1011,spicy-harissa-aubergine-pie,15 mins,1 hr and 20 mins
1012,spicy-harissa-bean-stew,10 mins,30 mins
1013,harissa-broccoli-flatbreads,10 mins,15 mins
1014,roast-aubergines-yogurt-harissa,5 mins,40 mins
1015,smoky-sausage-squash-traybake,10 mins,40 mins
1016,harissa-oil,10 mins,Not Available
1017,harissa-beef-tomato-bulgur,20 mins,20 mins
1018,harissa-couscous,5 mins,5 mins
1019,harissa-chicken-traybake-0,15 mins,35 mins
1020,harissa-fish-pie,5 mins,1 hr and 40 mins
1021,mackerel-orange-harissa-glaze,5 mins,10 mins
1022,slow-cooked-harissa-lamb,30 mins,5 hrs
1023,spicy-harissa-chicken-lentils,10 mins,45 mins
1024,harissa-chicken-traybake,10 mins,1 hr
1025,chicken-harissa-tomatoes,2 mins,15 mins
1026,harissa-chicken-chickpea-salad,15 mins,8 mins
1027,aubergine-halloumi-harissa-skillet-bake,10 mins,40 mins
1028,harissa-sticky-chicken-couscous,10 mins,50 mins
1030,matcha-miso-pancakes,5 mins,10 mins
1031,miso-ginger-prawn-noodle-salad,10 mins,5 mins
1032,miso-butternut-squash-ramen,15 mins,30 mins
1033,miso-aubergines,5 mins,50 mins
1034,tahini-miso-noodles-with-crispy-broccoli-sausages,15 mins,25 mins
1036,miso-marinated-salmon,10 mins,20 mins
1037,miso-beansprout-rolls,10 mins,10 mins
1038,miso-glazed-roast-ham,40 mins,5 hrs
1039,miso-caramel-chicken-wings,5 mins,50 mins
1040,miso-chicken-rice-soup,10 mins,10 mins
1041,miso-spinach-toast,5 mins,5 mins
1042,miso-noodles-fried-eggs,10 mins,12 mins
1043,miso-salmon-ginger-noodles,10 mins,12 mins
1044,grilled-miso-salmon-rice-noodles,10 mins,20 mins
1045,miso-burgers-mint-pomegranate-slaw,15 mins,25 mins
1046,miso-roasted-tofu-sweet-potato,15 mins,30 mins
1047,saucy-miso-mushrooms-udon-noodles,10 mins,35 mins
1048,sweetcorn-pancetta-orzotto,15 mins,1 hr
1049,miso-broccoli-egg-quinoa-salad,5 mins,15 mins
1050,miso-brown-rice-chicken-salad,15 mins,30 mins
1051,miso-brown-rice-broccoli-salad-fiery-prawns,15 mins,25 mins
1052,miso-roast-salmon-lentil-pomegranate-salad,10 mins,20 mins
1053,tamarind-aubergine-black-rice-mint-feta,25 mins,40 mins
1054,julies-kari-ikan-malaysian-fish-curry,15 mins,40 mins
1055,tamarind-prawn-curry,5 mins,15 mins
1056,apple-date-tamarind-chutney,15 mins,1 hr
1058,quick-chickpea-chard-tamarind-curry,10 mins,30 mins
1059,tamarind-squash-halloumi-skewers,15 mins,25 mins
1060,nasi-lemak,20 mins,35 mins
1061,sweet-potato-corn-cakes-with-tamarind-bacon-avocado,20 mins,1 hr and 10 mins
1062,spicy-tamarind-prawns,10 mins,5 mins
1063,seared-beef-papaya-salad-tamarind-soy-dressing,15 mins,5 mins
1064,tomato-tamarind-fish-curry,10 mins,25 mins
1065,sticky-tamarind-tomato-spinach-whirl,40 mins,1 hr and 30 mins
1066,tamarind-chickpeas,5 mins,10 mins
1067,new-potato-tamarind-salad,15 mins,25 mins
1068,coconut-tamarind-chicken-curry,30 mins,50 mins
1069,tamarind-chicken-golden-mash,10 mins,25 mins
1072,indian-spiced-salmon,15 mins,15 mins
1073,crab-curry,30 mins,1 hr and 15 mins
1074,cauliflower-tomato-curry,20 mins,40 mins
1075,ayam-kapitan-captains-curry,30 mins,2 hrs
1076,singapore-noodles-0,15 mins,30 mins
1078,chicken-chashu-shoyu-ramen,10 mins,1 hr and 5 mins
1079,peking-style-noodles,40 mins,50 mins
1080,turkey-lemongrass-curry-noodle-soup,15 mins,30 mins
1081,spicy-tofu-tahini-noodle-salad,35 mins,10 mins
1082,golden-syrup-broccoli-noodles,2 mins,5 mins
1087,spicy-rice-noodle-salad-with-smoked-mackerel,15 mins,5 mins
1088,superhealthy-singapore-noodles,20 mins,10 mins
1089,golden-noodle-soup-with-soft-boiled-eggs,15 mins,15 mins
1090,thai-pesto-prawn-noodles,10 mins,10 mins
1091,spicy-mushroom-broccoli-noodles,10 mins,10 mins
1092,vermicelli-noodle-beef-salad,15 mins,5 mins
1093,roast-broccoli-sesame-ramen-noodle-bowls,15 mins,30 mins
1094,garlic-chilli-prawns-sesame-noodles,20 mins,Not Available
1095,chow-mein,10 mins,20 mins
1096,peanut-herb-noodle-salad,20 mins,10 mins
1097,kimchi-sesame-udon-noodles,5 mins,10 mins
1101,vegan-ramen,10 mins,15 mins
1102,cheats-chicken-ramen,10 mins,15 mins
1103,turkey-ramen,15 mins,15 mins
1104,vegetarian-ramen,5 mins,10 mins
1106,curried-brisket-ramen,35 mins,2 hrs and 30 mins
1107,ramen-chicken-bone-broth-pork-shoulder-soft-boiled-egg-greens,25 mins,4 hrs and 10 mins
1109,teriyaki-noodle-broth,15 mins,20 mins
1111,vegetable-samosas,30 mins,1 hr and 10 mins
1112,apple-pie-samosas,20 mins,25 mins
1113,mincemeat-samosas,1 hr and 30 mins,15 mins
1114,spinach-sweet-potato-samosas,35 mins,45 mins
1115,runner-bean-samosas,30 mins,35 mins
1116,samosa-pie,5 mins,30 mins
1117,potato-and-pea-samosas,35 mins,40 mins
1118,feta-sweetcorn-samosas,30 mins,20 mins
1119,lamb-tikka-samosas,15 mins,10 mins
1120,jumbo-turkey-samosas,25 mins,35 mins
1121,chicken-almond-pastillas,40 mins,1 hr and 10 mins
1122,sweet-potato-pea-puffs,25 mins,30 mins
1123,filo-triangles-artichoke-feta-and-mint,45 mins,Not Available
1125,prawn-pink-grapefruit-noodle-salad,25 mins,Not Available
1132,noodle-salad-with-lemongrass-pork-patties,45 mins,20 mins
1135,zesty-rice-noodle-salad,25 mins,5 mins
1138,singapore-noodles-tofu,15 mins,15 mins
1140,crispy-asian-salmon-stir-fried-noodles-pak-choi-sugar-snap-peas,10 mins,15 mins
1141,minced-soy-pork-rice-noodles,30 mins,5 mins
1142,asian-pork-rice-noodle-salad,10 mins,10 mins
1145,prawn-rice-noodle-stir-fry,10 mins,15 mins
1146,rice-noodles-sundried-tomatoes-parmesan-basil,10 mins,5 mins
1147,easy-paella,10 mins,30 mins
1149,paella-mixta,25 mins,50 mins
1150,vegetable-paella,15 mins,40 mins
1151,vegan-paella,20 mins,30 mins
1152,slow-cooker-paella,15 mins,2 hrs and 20 mins
1154,easiest-ever-paella,5 mins,25 mins
1155,paella-oven,20 mins,45 mins
1157,paella-fried-rice,5 mins,5 mins
1158,chicken-chorizo-paella,10 mins,40 mins
1159,spicy-clam-pork-paella,20 mins,40 mins
1160,runner-bean-prawn-paella,10 mins,30 mins
1161,hey-presto-paella,15 mins,Not Available
1162,spring-chicken-paella,20 mins,55 mins
1163,smoked-paprika-paella-cod-peas,15 mins,40 mins
1164,paella-arancini-bites,25 mins,15 mins
1166,spanish-seafood-rice,10 mins,35 mins
1167,smoky-paprika-seafood-rice,15 mins,35 mins
1168,spanish-rice-prawn-one-pot,4 mins,16 mins
1169,spanish-rice-squid-prawn-fennel,20 mins,45 mins
1170,lemony-prawn-chorizo-rice-pot,15 mins,25 mins
1176,special-fried-rice-prawns-chorizo,10 mins,18 mins
1177,artichoke-aubergine-rice,15 mins,50 mins
1178,spicy-spanish-rice,10 mins,45 mins
1180,seafood-fideua-paella,35 mins,25 mins
1183,salmon-egg-fried-rice,10 mins,10 mins
1185,fridge-raid-fried-rice,15 mins,15 mins
1186,chicken-sweetcorn-egg-fried-rice,5 mins,10 mins
1187,fried-rice-egg-ginger,15 mins,15 mins
1188,veggie-egg-fried-rice,5 mins,10 mins
1189,egg-fried-rice-prawns-peas,5 mins,20 mins
1191,spring-green-fried-rice-eggs,5 mins,15 mins
1192,fast-fix-fried-rice,5 mins,7 mins
1193,indonesian-fried-rice-mackerel,5 mins,15 mins
1194,eggy-fried-rice,30 mins,40 mins
1197,speedy-spicy-turkey-rice,5 mins,10 mins
1199,fragrant-chilli-crab-fried-rice-with-crispy-leeks,15 mins,15 mins
1200,spicy-tofu-kedgeree,10 mins,20 mins
1201,quick-spicy-nasi-goreng,10 mins,10 mins
1202,spicy-teriyaki-prawns-sesame-fried-rice,5 mins,10 mins
1204,bokkeumbap,20 mins,15 mins
1205,chicken-ginger-fried-rice,25 mins,30 mins
1206,coconut-fried-rice,10 mins,30 mins
1207,kimchi-fried-rice,10 mins,10 mins
1208,sausage-soy-fried-rice,15 mins,30 mins
1212,nasi-goreng-indonesian-stir-fried-rice,25 mins,25 mins
1215,prawn-pineapple-cashew-fried-rice,10 mins,15 mins
1217,thai-prawn-fried-rice,5 mins,15 mins
1220,thai-prawn-fried-rice-0,10 mins,10 mins
1229,prawn-fried-rice,5 mins,25 mins
1230,garlic-prawn-rice,5 mins,15 mins
1234,barneys-monday-night-rice,25 mins,35 mins
1235,next-level-three-cheese-risotto,15 mins,1 hr
1236,spelt-wild-mushroom-risotto,15 mins,35 mins
1237,mushroom-risotto,5 mins,25 mins
1238,smoked-haddock-leek-risotto,5 mins,35 mins
1239,mushroom-spinach-risotto,50 mins,55 mins
1240,roasted-squash-risotto-wensleydale,35 mins,40 mins
1241,tomato-mascarpone-risotto,10 mins,30 mins
1242,easy-risotto-bacon-peas,5 mins,40 mins
1243,baked-tomato-mozzarella-basil-risotto,10 mins,30 mins
1244,quick-tomato-risotto,5 mins,20 mins
1245,chorizo-broad-bean-risotto,10 mins,30 mins
1246,onepot-chicken-mushroom-risotto,15 mins,35 mins
1247,smoked-salmon-lemon-risotto,5 mins,20 mins
1248,fennel-lemon-risotto,15 mins,20 mins
1249,pumpkin-risotto,30 mins,1 hr
1250,oven-baked-risotto,5 mins,10 mins
1251,ultimate-risotto-primavera,1 hr,1 hr and 10 mins
1252,wild-mushroom-chicken-bacon-risotto,20 mins,30 mins
1253,salmon-risotto,15 mins,1 hr
1254,leek-risotto,20 mins,1 hr and 15 mins
1255,wild-mushroom-risotto,1 hr,Not Available
1256,pesto-goats-cheese-risotto,2 mins,30 mins
1258,creamy-beetroot-risotto,10 mins,1 hr and 5 mins
1260,healthier-risotto-primavera,40 mins,35 mins
1262,creamy-courgette-risotto,20 mins,35 mins
1263,asparagus-risotto,10 mins,25 mins
1264,risotto-peas-broad-beans,10 mins,25 mins
1265,artichoke-red-onion-rosemary-risotto,15 mins,35 mins
1267,courgette-broad-bean-risotto-basil-pesto,25 mins,30 mins
1269,simple-squash-risotto,15 mins,20 mins
1270,vegan-mushroom-risotto,10 mins,40 mins
1271,beetroot-risotto-with-feta,15 mins,30 mins
1272,ultimate-makeover-risotto-squash-sage,35 mins,30 mins
1273,easy-baked-tomato-risotto,10 mins,10 mins
1274,herb-parmesan-risotto,10 mins,40 mins
1275,butternut-squash-sage-risotto,10 mins,40 mins
1276,easy-peasy-risotto-chilli-mint-crumbs,5 mins,45 mins
1277,toddler-recipe-microwave-courgette-and-pea-risotto-prawns,8 mins,21 mins
1278,roasted-squash-pancetta-chestnut-risotto,5 mins,45 mins
1279,barley-broccoli-risotto-lemon-basil,10 mins,35 mins
1280,chicken-pearl-barley-risotto,5 mins,40 mins
1281,prawn-fennel-rocket-risotto,15 mins,35 mins
1282,pearl-barley-parsnip-sage-risotto,5 mins,55 mins
1283,creamy-tomato-risotto,5 mins,35 mins
1284,pearl-barley-bacon-leek-casserole,10 mins,40 mins
1285,creamy-barley-squash-risotto,10 mins,55 mins
1287,barley-chicken-mushroom-risotto,10 mins,50 mins
1289,microwave-risotto-primavera,5 mins,20 mins
1290,mushroom-thyme-risotto,5 mins,25 mins
1291,lemony-mushroom-pilaf,10 mins,30 mins
1293,creamy-veggie-risotto,10 mins,30 mins
1294,microwave-butternut-squash-risotto,5 mins,20 mins
1295,summer-courgette-risotto,15 mins,30 mins
1296,chicken-mushroom-risotto,10 mins,55 mins
1297,roast-chicken-pea-risotto,10 mins,30 mins
1299,roast-chicken-risotto-with-chicken-crackling,20 mins,45 mins
1301,pea-broad-bean-rocket-risotto-chicken,20 mins,50 mins
1304,lamb-biryani,10 mins,50 mins
1305,chicken-biryani,10 mins,30 mins
1306,spiced-vegetable-biryani,1 hr,Not Available
1308,quick-lamb-biryani,10 mins,15 mins
1309,easy-veggie-biryani,20 mins,Not Available
1310,chicken-biryani-pilau,1 hr,Not Available
1311,special-lamb-biryani,25 mins,2 hrs
1312,butternut-biryani-cucumber-raita,15 mins,30 mins
1314,skinny-lamb-biryani,15 mins,20 mins
1315,feed-crowd-kedgeree-biryani,35 mins,1 hr and 20 mins
1316,microwave-biriyani,15 mins,7 mins
1317,low-fat-chicken-biryani,25 mins,1 hr and 35 mins
1318,pumpkin-biryani,40 mins,2 hrs and 30 mins
1319,chicken-biryani-bake,10 mins,1 hr and 15 mins
1320,lamb-squash-biryani-cucumber-raita,10 mins,25 mins
1321,one-pan-spicy-rice,5 mins,15 mins
1322,fragrant-vegetable-cashew-biryani,40 mins,45 mins
1323,cheats-beetroot-biriyani,10 mins,55 mins
1325,one-pot-chicken-pilaf,5 mins,20 mins
1326,curried-spring-veggie-pilaf,15 mins,50 mins
1327,broad-bean-chicken-pilaf,1 hr,1 hr and 15 mins
1328,coronation-chicken-pilaf,5 mins,20 mins
1329,harissa-cauliflower-pilaf,20 mins,1 hr
1330,broad-bean-dill-pilaf,5 mins,25 mins
1331,cranberry-sprout-pecan-pilaf,20 mins,55 mins
1332,spiced-lamb-pilaf,10 mins,40 mins
1333,spiced-aubergine-pilaf-poached-eggs,5 mins,40 mins
1334,bean-dill-pilaf-garlicky-yogurt,5 mins,20 mins
1335,turkish-pilaf-saffron-goji-berries,15 mins,35 mins
1337,parsnip-pilaf,30 mins,1 hr and 5 mins
1338,coriander-cod-carrot-pilaf,8 mins,15 mins
1339,lamb-meatball-pea-pilaf,10 mins,20 mins
1340,chicken-edamame-ginger-pilaf,10 mins,17 mins
1342,spiced-lamb-coconut-pilaf,5 mins,25 mins
1343,cauliflower-chickpea-pilaf,10 mins,20 mins
1344,squash-mushroom-gorgonzola-pilaf,15 mins,50 mins
1345,peri-peri-chicken-pilaf,20 mins,40 mins
1346,harissa-salmon-pilaf,5 mins,20 mins
1347,ultimate-tomato-salsa,5 mins,Not Available
1348,guacamole-salsa,15 mins,Not Available
1349,pineapple-salsa,20 mins,Not Available
1350,sweetcorn-salsa,15 mins,5 mins
1351,smoky-chipotle-pepper-salsa,10 mins,12 mins
1352,crunchy-corn-pepper-salsa,10 mins,Not Available
1353,crispy-chipotle-chicken-fajitas,15 mins,30 mins
1354,salsa-verde,10 mins,Not Available
1355,chunky-tomato-avocado-salsa-0,10 mins,Not Available
1356,smoky-corn-avocado-salsa,10 mins,15 mins
1357,corn-black-bean-salsa,10 mins,45 mins
1358,tomatillo-salsa,5 mins,5 mins
1359,red-pepper-tomato-salsa,10 mins,Not Available
1361,smoky-tomato-pepper-salsa,10 mins,Not Available
1362,beetroot-chilli-salsa,10 mins,Not Available
1363,charred-sweetcorn-salsa,15 mins,10 mins
1364,raita,10 mins,Not Available
1365,coriander-mint-raita,5 mins,2 mins
1366,burnt-aubergine-raita,5 mins,30 mins
1368,chunky-cucumber-raita,10 mins,Not Available
1369,tomato-onion-cucumber-raita,10 mins,5 mins
1370,mint-relish-raita,15 mins,Not Available
1372,tomato-cucumber-raita,10 mins,Not Available
1373,roast-fish-chips-orange-raita,1 hr and 10 mins,Not Available
1374,winter-vegetable-curry-fruity-raita,20 mins,1 hr
1375,lamb-koftas-beetroot-apple-raita,20 mins,20 mins
1376,spicy-pizza-breads-raita-salad,40 mins,Not Available
1378,squash-lentil-bean-one-pot-fig-raita,30 mins,15 mins
1379,sweet-potato-masala-dosa-coconut-raita,40 mins,50 mins
1381,naan-dippers-fresh-mint-coriander-raita,30 mins,Not Available
1382,spicy-cauliflower-rice-minty-cucumber-raita,15 mins,25 mins
1385,spiced-potato-cake-mint-raita,40 mins,45 mins
1386,thai-green-chicken-curry,10 mins,30 mins
1387,thai-green-chicken-curry-1,25 mins,30 mins
1388,vegetarian-thai-green-curry,15 mins,40 mins
1389,vegan-thai-green-curry,10 mins,20 mins
1392,next-level-thai-green-curry,1 hr,30 mins
1393,light-thai-green-curry,50 mins,35 mins
1394,thai-green-prawn-curry,10 mins,5 mins
1395,thai-green-curry-roast-chicken,5 mins,1 hr and 15 mins
1397,thai-green-chicken-soup,15 mins,50 mins
1398,speedy-green-chicken-curry,15 mins,Not Available
1399,green-curry-paste,15 mins,5 mins
1400,french-bean-duck-thai-curry,20 mins,1 hr and 45 mins
1401,pull-apart-chicken-green-curry-lime-leaf-dressing,15 mins,1 hr and 50 mins
1402,thai-beef-curry,20 mins,8 hrs
1403,thai-red-curry,15 mins,20 mins
1404,red-thai-salmon-curry,5 mins,10 mins
1405,veggie-thai-red-curry,30 mins,20 mins
1406,easy-thai-prawn-curry,5 mins,15 mins
1409,thai-squash-pineapple-curry,10 mins,30 mins
1410,thai-red-salmon-curry,20 mins,20 mins
1412,thai-coconut-veg-broth,15 mins,10 mins
1413,red-pork-curry-green-beans,40 mins,Not Available
1414,tender-duck-pineapple-red-curry,20 mins,2 hrs
1415,thai-red-duck-sticky-pineapple-rice,20 mins,15 mins
1416,summer-vegetable-curry,10 mins,35 mins
1417,thai-coconut-crumbed-chicken-traybake,15 mins,1 hr
1418,warming-veggie-curry,10 mins,10 mins
1419,thai-chicken-mushroom-broth,10 mins,5 mins
1420,coconut-fish-curry-traybake,15 mins,25 mins
1421,chicken-curry-lime-leaf-lemongrass-mango,15 mins,50 mins
1422,thai-chicken-soup,10 mins,1 hr and 30 mins
1428,old-delhi-style-butter-chicken,50 mins,1 hr
1429,slow-cooker-lamb-curry,10 mins,6 hrs
1431,vibrant-spinach-coconut-paneer-curry,15 mins,30 mins
1432,west-indian-spiced-aubergine-curry,30 mins,15 mins
1433,slow-cooker-chicken-curry,10 mins,6 hrs
1434,coconut-corn-curry,5 mins,30 mins
1435,beef-curry,20 mins,2 hrs
1436,lamb-vindaloo,30 mins,1 hr
1437,slow-cooker-vegetable-curry,10 mins,6 hrs
1438,next-level-dhal-makhani,10 mins,2 hrs
1439,easy-chicken-curry,5 mins,45 mins
1440,chicken-madras,20 mins,35 mins
1441,moong-dhal-makhani,5 mins,1 hr and 30 mins
1442,venison-kofta,35 mins,35 mins
1443,palm-nut-chicken-curry,15 mins,1 hr
1444,sali-murghi,20 mins,55 mins
1445,chana-masala,15 mins,35 mins
1446,mauritian-chicken-curry,20 mins,30 mins
1449,keralan-hake-curry,10 mins,55 mins
1450,kadala-curry,15 mins,25 mins
1451,coconut-fish-curry,15 mins,15 mins
1452,sea-bass-curry,20 mins,40 mins
1454,turmeric-ginger-coconut-fish-curry,5 mins,25 mins
1456,coconut-fish-curry-rice,10 mins,20 mins
1458,keralan-scallop-molee,20 mins,35 mins
1459,fishermans-curry,20 mins,25 mins
1460,seafood-curry,10 mins,35 mins
1461,fish-mappas,15 mins,20 mins
1462,one-pan-lentil-dhal-curried-fish-crispy-skin,20 mins,1 hr
1464,smoked-haddock-creamed-corn-curry,10 mins,30 mins
1466,aromatic-prawn-cashew-curry,30 mins,1 hr and 10 mins
1467,creamy-fish-curry,5 mins,20 mins
1468,curry-coconut-fish-parcels,10 mins,10 mins
1469,fried-fish-tomato-curry,10 mins,25 mins
1470,super-quick-fish-curry,5 mins,10 mins
1472,one-pan-prawn-tomato-curry,10 mins,20 mins
1473,sweet-hot-prawn-pineapple-curry,15 mins,15 mins
1474,15-minute-prawn-curry,5 mins,10 mins
1476,home-style-chicken-curry,15 mins,30 mins
1477,chicken-korma,10 mins,25 mins
1479,chicken-karahi,15 mins,45 mins
1480,next-level-tikka-masala,20 mins,3 hrs
1485,slow-cooker-chicken-tikka-masala,20 mins,4 hrs and 30 mins
1487,easy-leftover-chicken-curry,5 mins,10 mins
1488,30-minute-chicken-curry,8 mins,20 mins
1489,chicken-saag,10 mins,30 mins
1490,thai-red-chicken-curry,20 mins,30 mins
1491,spicy-chicken-chickpea-curry,15 mins,1 hr and 10 mins
1492,peanut-butter-chicken,10 mins,40 mins
1493,slow-cooker-chicken-korma,15 mins,6 hrs and 20 mins
1494,singapore-style-nyonya-curry,8 mins,1 hr and 20 mins
1496,chicken-tikka-masala,15 mins,50 mins
1498,butter-bean-curry,15 mins,40 mins
1499,healthy-fish-korma,20 mins,35 mins
1505,kidney-bean-curry,5 mins,30 mins
1506,easy-butter-chicken,15 mins,35 mins
1507,roasted-aloo-gobi,15 mins,50 mins
1508,tandoori-chicken,30 mins,15 mins
1509,cauliflower-paneer-pea-curry,10 mins,45 mins
1510,healthier-chicken-balti,25 mins,30 mins
1515,spinach-sweet-potato-lentil-dhal,10 mins,35 mins
1516,chicken-sweet-potato-pea-curry,10 mins,30 mins
1517,chicken-bhuna,15 mins,50 mins
1519,goan-style-vegetable-curry-kitchari,10 mins,40 mins
1520,cauliflower-green-bean-curry,15 mins,45 mins
1521,thai-prawn-squash-curry,20 mins,40 mins
1522,cheats-laksa,2 mins,Not Available
1523,prawn-butternut-mango-curry,10 mins,25 mins
1525,goan-prawn-coconut-curry-cumin-rice,15 mins,15 mins
1527,prawn-curry-hurry,5 mins,10 mins
1528,kerala-prawn-curry,15 mins,20 mins
1529,prawn-pea-tomato-curry,5 mins,15 mins
1530,prawn-coconut-curry,20 mins,12 mins
1531,quick-prawn-coconut-tomato-curry,10 mins,20 mins
1533,curry-prawns,25 mins,45 mins
1535,fragrant-courgette-prawn-curry,15 mins,20 mins
1536,prawn-laksa-curry-bowl,5 mins,10 mins
1537,south-indian-coconut-prawn-curry,15 mins,25 mins
1539,mummy-pings-sambal-prawns-green-beans,20 mins,25 mins
1541,prawn-jalfrezi,10 mins,22 mins
1543,nasi-goreng-sardines,20 mins,20 mins
1545,beef-rendang-turmeric-rice,40 mins,2 hrs and 30 mins
1546,home-style-beef-curry,20 mins,4 hrs and 30 mins
1547,beef-massaman-curry,15 mins,2 hrs and 10 mins
1549,beef-beetroot-curry,30 mins,2 hrs and 50 mins
1550,sohas-koftet-roz-egyptian-rice-meatballs,30 mins,25 mins
1552,slow-cooked-beetroot-beef-curry-chukandar-gosht,15 mins,1 hr and 40 mins
1553,beef-potato-banana-curry-cashew-rice,30 mins,2 hrs and 30 mins
1554,keema-curry-raita,10 mins,15 mins
1555,stir-fry-green-curry-beef-asparagus-sugar-snaps,10 mins,10 mins
1556,red-thai-meatball-curry,20 mins,20 mins
1557,indian-beef-keema-carrots-potatoes,10 mins,20 mins
1558,bobotie,30 mins,40 mins
1559,indian-mince-fresh-tomato-salad,2 mins,18 mins
1561,pea-broad-bean-shakshuka,20 mins,30 mins
1562,full-english-shakshuka,10 mins,25 mins
1563,feta-roasted-tomato-shakshuka,15 mins,40 mins
1564,green-shakshuka,10 mins,25 mins
1565,smoky-shakshuka,5 mins,15 mins
1566,microwave-shakshuka,5 mins,5 mins
1567,shakshuka-flatbread-bake,15 mins,50 mins
1568,classic-sachertorte,1 hr,1 hr
1570,french-apple-tart,40 mins,1 hr
1571,apricot-brioche,35 mins,40 mins
1573,linzer-cookies,25 mins,12 mins
1578,marble-bundt-cake,30 mins,1 hr
1579,little-black-forest-cakes,25 mins,30 mins
1581,brioche-buns,15 mins,20 mins
1582,pistachio-orange-madeleines,20 mins,12 mins
1584,florentines,25 mins,20 mins
1587,croquembouche,2 hrs and 15 mins,Not Available
1588,peach-melba-roulade,35 mins,15 mins
1589,soured-cream-bundt-cake-butter-glaze,20 mins,35 mins
1591,ultimate-creme-brulee,15 mins,30 mins
