Recipe_ID,Recipe_Name,kcal,fat,saturates,carbs,sugars,fibre,protein,salt
1,sloppy-joes,463,16.0,5.0,13.0,13.0,5.0,25.0,1.65
2,buffalo-chicken,520,35.0,15.0,11.0,11.0,3.0,39.0,7.4
3,triple-cheese-pepperoni-jalapeno-pizza,586,23.0,13.0,63.0,6.0,4.0,29.0,2.1
4,smash-burger-pancakes,685,38.0,15.0,47.0,17.0,2.0,39.0,1.9
5,snickerdoodles,205,10.0,6.0,28.0,15.0,1.0,2.0,0.2
6,corndogs,349,24.0,6.0,21.0,2.0,1.0,11.0,1.71
7,tahini-mississippi-mud-pie,682,51.0,28.0,46.0,29.0,44.0,8.0,0.5
8,texas-bbq-medley,990,71.0,26.0,23.0,23.0,1.0,64.0,11.5
9,bbq-chicken-platter,325,16.0,4.0,12.0,12.0,2.0,32.0,2.0
10,truffled-mac-n-cheese,559,24.0,14.0,60.0,8.0,5.0,24.0,1.6
11,smores-dip,349,11.0,6.0,58.0,44.0,2.0,5.0,0.3
12,hot-gumbo-dip,70,4.0,0.0,6.0,5.0,2.0,2.0,0.1
13,fully-loaded-cajun-chicken-burgers,721,36.0,10.0,51.0,2.0,5.0,51.0,2.84
14,tomato-avocado-corn-salad-migas-buttermilk-dressing,416,33.0,5.0,20.0,6.0,6.0,7.0,0.0
15,easy-pickled-onion-rings,316,10.0,1.0,47.0,6.0,3.0,5.0,1.3
16,sticky-bourbon-bbq-wings-blue-cheese-dip,213,13.0,5.0,9.0,9.0,1.0,10.0,0.6
17,southern-fried-prawns,243,11.0,1.0,24.0,2.0,1.0,12.0,1.0
18,spicy-pies-sweet-potato-mash,452,11.0,4.0,52.0,23.0,13.0,29.0,0.8
19,cheesesteak-hotdogs,481,24.0,9.0,37.0,7.0,3.0,28.0,1.3
20,creamed-corn,344,28.0,16.0,13.0,6.0,6.0,8.0,0.6
21,american-pancakes,356,13.0,6.0,46.0,8.0,2.0,13.0,1.3
22,baby-back-ribs-carolina-baste,477,26.0,7.0,34.0,31.0,2.0,25.0,2.3
23,choc-chip-pecan-pie,773,50.0,18.0,67.0,45.0,6.0,9.0,0.5
24,mini-pork-pies-piccalilli,0,0.0,0.0,0.0,0.0,0.0,0.0,0.0
25,herby-toad-hole,552,32.0,10.0,40.0,5.0,1.0,28.0,1.9
26,crispy-topped-cumberland-pie,486,21.0,9.0,41.0,8.0,4.0,34.0,1.8
27,sticky-toffee-pudding-traybake,592,34.0,18.0,64.0,49.0,3.0,6.0,0.9
28,great-british-breakfast-bap,612,26.0,7.0,64.0,7.0,9.0,25.0,2.3
29,cherry-almond-tarts,362,20.0,9.0,39.0,23.0,1.0,6.0,0.5
30,classic-summer-pudding,369,7.0,5.0,68.0,43.0,6.0,7.0,0.9
31,roast-beef-caramelised-onion-gravy,591,28.0,11.0,13.0,3.0,1.0,72.0,1.2
32,roast-lamb-spring-herb-crumbs,532,30.0,12.0,18.0,5.0,2.0,45.0,0.6
33,no-fail-yorkies,130,5.0,1.0,17.0,2.0,1.0,5.0,0.9
34,st-clements-pie,647,27.0,15.0,87.0,63.0,1.0,12.0,1.1
35,beef-ale-parsnip-pudding,1072,62.0,28.0,86.0,15.0,7.0,33.0,1.5
36,fat-rascals,621,27.0,16.0,84.0,40.0,4.0,9.0,1.09
37,scampi-tartare-sauce,991,40.0,6.0,116.0,4.0,6.0,36.0,1.5
38,easy-treacle-sponge,512,23.0,14.0,70.1,50.0,1.0,6.0,1.0
39,scotch-eggs,590,41.0,12.0,27.0,2.0,1.0,30.0,2.49
40,rhubarb-pear-hazelnut-crumbles,430,24.0,10.0,49.0,35.0,6.0,5.0,0.5
41,lemon-thyme-butter-basted-roast-chicken-gravy,610,42.0,15.0,11.0,6.0,2.0,47.0,0.8
42,marzipan-eccles-tarts,568,23.0,10.0,82.0,56.0,2.0,8.0,0.8
43,ultimate-makeover-steak-kidney-pie,373,14.0,5.0,28.0,7.0,3.0,33.0,0.42
44,british-pork-cassoulet,911,60.0,22.0,38.0,16.0,8.0,58.0,7.5
45,no-fuss-shepherds-pie,657,39.0,20.0,43.06,9.0,6.0,32.0,0.88
46,split-pea-green-pea-smoked-ham-soup,292,11.0,4.0,23.0,5.0,5.0,26.0,3.56
47,rum-punch,271,0.0,0.0,23.0,22.0,0.0,1.0,0.0
48,jerk-turkey,258,10.0,3.0,7.0,4.0,2.0,33.0,2.3
49,caribbean-beef-patties,780,48.0,16.0,63.0,3.0,4.0,23.0,2.0
50,sticky-jerk-salmon-mango-slaw,402,19.0,3.0,26.0,25.0,5.0,33.0,0.4
51,jerk-chicken-rice-peas,757,43.0,18.0,48.0,14.0,6.0,38.0,2.6
52,jerk-sweet-potato-black-bean-curry,209,3.0,1.0,39.0,14.0,7.0,6.0,0.7
53,goat-curry,574,31.0,4.0,20.0,8.0,9.0,48.0,3.5
54,jamaican-saltfish-fritters,127,4.0,0.3,15.0,1.0,1.0,8.0,2.0
55,jerk-beefburger-pineapple-relish-chips,466,20.0,7.0,46.0,10.0,5.0,26.0,0.3
56,spiced-glazed-pineapple-cinnamon-fromage-frais,159,3.0,1.0,31.0,30.0,2.0,5.0,0.1
57,tropical-breakfast-smoothie,189,1.0,0.1,37.0,35.0,10.0,4.0,0.1
58,jerk-chicken-kebabs-mango-salsa,263,5.0,1.0,19.0,17.0,4.0,37.0,0.3
59,reggae-reggae-nachos,871,52.0,14.0,83.0,21.0,9.0,24.0,5.16
60,simple-coconut-bean-soup,581,38.0,28.0,45.0,14.0,11.0,19.0,3.19
61,natalies-trinidadian-fish-stew,388,19.0,2.0,17.0,5.0,2.0,35.0,0.31
62,hot-spicy-sweet-potatoes,132,8.0,1.0,16.0,0.0,2.0,1.0,0.08
63,barbecued-plantains,122,4.0,3.0,22.0,5.0,1.0,1.0,0.1
64,jerk-pork-rice-beans,833,43.0,19.0,73.0,4.0,13.0,43.0,2.37
65,sizzling-spare-ribs-bbq-sauce,484,22.0,8.0,32.0,28.0,0.0,33.0,3.09
66,exotic-avocado-salad,260,22.0,3.0,11.0,5.0,5.0,4.0,0.05
67,jerk-pulled-pork-banana-salsa,822,28.0,9.0,88.0,34.0,8.0,52.0,2.4
68,spicy-jerk-prawn-mango-tacos-coconut-dressing,409,17.0,8.0,40.0,13.0,8.0,23.0,0.9
69,sticky-jerk-brown-sugar-ribs-pineapple-rice,542,21.0,7.0,64.0,49.0,2.0,26.0,0.5
70,jerk-spice-mix,0,0.0,0.0,0.0,0.0,0.0,0.0,0.0
71,jerk-chicken,271,20.0,8.0,2.0,1.0,1.0,21.0,0.7
74,jerk-chicken-burger,417,9.0,2.0,45.0,11.0,4.0,38.0,1.2
75,jerk-chicken-pineapple-traybake,617,18.0,4.0,77.0,18.0,9.0,32.0,4.0
76,jerk-chicken-mango-bowl,660,18.0,5.0,66.0,39.0,11.0,54.0,3.3
77,one-pan-jerk-roast-chicken,651,35.0,16.0,37.0,15.0,8.0,43.0,0.6
78,jerk-pork-pineapple-skewers-black-beans-rice,451,10.0,3.0,57.0,7.0,6.0,30.0,0.2
80,mushroom-mapo-tofu,233,13.0,2.0,11.0,4.0,4.0,16.0,2.83
81,sweet-sour-chicken,654,20.0,3.0,82.0,50.0,2.0,38.0,0.57
82,crispy-sesame-chicken,646,21.0,3.0,78.0,11.0,2.0,34.0,4.4
83,sichuan-chicken,443,28.0,4.0,15.0,4.0,3.0,32.0,1.88
84,orange-chicken,379,11.0,1.0,47.0,10.0,2.0,23.0,0.44
85,air-fryer-salt-pepper-chicken,206,10.0,2.0,9.0,7.0,3.0,20.0,1.2
86,slow-cooker-gochujang-short-ribs-with-apple-slaw,803,62.0,25.0,26.0,19.0,3.0,34.0,1.9
87,gobi-manchurian,354,16.0,1.0,40.0,12.0,9.0,9.0,4.14
88,stir-fried-beef-with-ginger,324,19.0,3.0,11.0,8.0,3.0,26.0,2.4
89,duck-in-plum-sauce-chinese-style,517,32.0,9.0,27.0,24.0,3.0,29.0,4.02
90,lionhead-meatball-soup,459,32.0,8.0,14.0,5.0,2.0,28.0,3.3
91,slow-roast-five-spice-pork-belly-gravy,416,28.0,10.0,7.0,5.0,0.0,34.0,1.5
92,five-spice-powder,0,0.0,0.0,0.0,0.0,0.0,0.0,0.0
93,singapore-noodles-prawns,411,10.0,2.0,54.0,10.0,6.0,23.0,2.6
94,rainbow-fried-rice-with-prawns-fried-eggs,381,13.0,3.0,42.0,3.0,3.0,23.0,2.06
95,braised-shiitake-mushrooms-pak-choi,68,1.0,0.1,11.0,4.0,3.0,3.0,1.0
96,healthy-chicken-stir-fry,465,13.0,1.0,47.0,15.0,10.0,35.0,1.3
97,easy-lemon-chicken,493,5.0,1.0,55.0,12.0,2.0,55.0,1.9
98,wuxi-ribs,501,32.0,10.0,20.0,17.0,1.0,33.0,3.6
99,black-bean-sauce,14,1.0,0.1,1.0,0.2,0.0,0.5,0.34
100,egg-fried-rice,387,14.0,2.0,53.0,2.0,1.0,12.0,0.2
101,sichuan-chicken-wings,310,17.0,5.0,9.0,7.0,1.0,28.0,5.5
102,pork-crab-ants-climbing-trees,390,14.0,3.0,45.0,1.0,1.0,20.0,2.0
103,blood-orange-dark-chocolate-madeleines,122,7.0,4.0,12.0,8.0,1.0,2.0,0.1
104,paris-brest,491,37.0,18.0,31.0,14.0,2.0,8.0,0.82
105,flamiche,637,37.0,20.0,52.0,4.0,6.0,22.0,1.7
106,pain-au-chocolat,540,31.0,19.0,54.0,12.0,4.0,8.0,1.04
107,steak-tartare,113,6.0,2.0,1.0,1.0,1.0,13.0,0.38
108,pot-roast-beef-french-onion-gravy,523,17.0,5.0,21.0,16.0,8.0,60.0,0.57
109,crusty-baguettes,765,3.0,1.0,155.0,1.0,5.0,26.0,2.5
110,marmalade-tea-madeleines,122,7.0,4.0,13.0,8.0,0.3,1.0,0.2
111,financiers,266,19.0,7.0,19.0,15.0,0.2,5.0,0.06
112,steak-hache-pommes-frites-cheats-bearnaise-sauce,816,55.0,25.0,42.0,3.0,4.0,36.0,1.9
113,french-toast,401,29.0,12.0,26.0,7.0,1.0,9.0,0.8
114,macarons,110,6.0,2.0,14.0,14.0,0.0,2.0,0.02
115,baked-ratatouille-goats-cheese,472,31.0,16.0,25.0,17.0,9.0,20.0,1.0
116,croissants,310,19.0,11.0,29.0,4.0,1.0,5.0,0.9
117,madeleines,111,6.0,4.0,12.0,7.0,0.0,2.0,0.3
118,classic-crepes,84,4.0,2.0,10.0,1.0,0.0,3.0,0.06
119,coq-au-vin,483,21.0,6.0,7.0,2.0,2.0,43.0,0.9
120,ultimate-french-omelette,396,33.0,14.0,0.0,0.0,0.0,24.0,0.95
121,tarte-tatin,447,24.0,16.0,52.0,34.0,2.03,4.0,0.4
122,three-cheese-souffles,707,57.0,34.0,22.0,5.0,1.0,25.0,1.5
123,french-onion-soup,618,27.0,14.0,59.0,17.0,9.0,26.0,2.6
124,chocolate-macaroons,119,6.0,1.0,14.0,14.0,1.0,3.0,0.04
125,chocolate-banana-french-toast,648,38.0,21.0,59.0,38.0,2.0,16.0,0.9
126,jacks-pork-cassoulet,501,30.0,11.0,26.0,6.0,8.0,28.0,2.1
127,greek-salad,211,17.0,5.0,8.0,7.0,3.0,5.0,0.98
128,moussaka,516,31.0,13.0,24.0,10.0,6.0,28.0,0.37
129,crispy-greek-style-pie,280,13.0,5.0,25.0,8.0,4.0,13.0,1.07
130,tzatziki,44,3.0,2.0,2.0,2.0,0.31,2.0,0.1
131,lamb-kleftiko,729,41.0,16.0,33.0,6.0,4.0,57.0,2.3
132,greek-style-salad-dressing,80,9.0,1.0,0.1,0.0,0.1,0.0,0.0
133,chicken-gyros,707,34.0,9.0,52.0,4.0,4.0,46.0,2.3
134,artichoke-aubergine-lamb-moussaka,588,33.0,17.0,35.0,15.0,7.0,34.0,1.0
135,greek-style-roast-fish,388,13.0,2.0,42.0,11.0,6.0,23.0,0.4
136,vegetarian-pastitsio,576,11.0,4.0,85.0,19.0,18.0,27.0,1.5
137,next-level-moussaka,583,44.0,18.0,13.0,12.0,6.0,31.0,1.1
138,greek-lamb-potatoes-olives,772,51.0,19.0,42.0,8.0,6.0,38.0,2.03
139,flaounes,567,31.0,11.0,49.0,6.0,3.0,22.0,1.3
140,spicy-lamb-feta-skewers-greek-brown-rice-salad,423,18.0,7.0,42.0,5.0,5.0,23.0,1.2
141,spiced-chicken-skewers-chopped-salad-flatbreads,516,20.0,7.0,42.0,6.0,5.0,41.0,1.09
142,greek-lamb-meatballs,555,31.0,11.0,35.0,12.0,6.0,31.0,1.0
143,lamb-burgers-tzatziki,340,22.0,11.0,7.0,2.0,0.0,28.0,0.3
144,griddled-chicken-quinoa-greek-salad,473,20.0,8.0,35.0,8.0,2.0,37.0,1.4
145,greek-lamb-macaroni-bake,548,21.0,10.0,56.0,8.0,4.0,33.0,1.0
146,greek-beans-seared-lamb,437,24.0,9.0,22.0,6.0,8.0,34.0,0.8
147,marinated-feta-thyme-chilli-oil,366,35.0,10.0,3.0,1.0,2.0,9.0,3.2
148,barbecued-greek-lamb-tzatziki,589,42.0,17.0,3.0,2.0,0.0,50.0,0.4
149,easy-japanese-okonomiyaki,527,31.0,6.0,39.0,15.0,7.0,20.0,1.9
150,spicy-peanut-butter-corn-ramen,993,53.0,33.0,96.0,14.0,9.0,29.0,2.47
151,fluffy-japanese-pancakes-2,89,3.0,1.0,13.0,7.0,0.3,3.0,0.09
152,japanese-ramen-noodle-soup,629,13.01,3.0,75.0,4.0,3.07,51.0,4.9
153,japanese-style-bento-box,619,20.0,3.0,81.0,11.0,6.0,25.0,2.1
154,homemade-yakisoba-sauce,28,0.0,0.0,5.0,3.0,0.0,0.4,1.05
155,pickled-ginger,16,0.0,0.0,4.0,4.0,0.1,0.1,0.08
156,homemade-tonkatsu-sauce,30,0.0,0.0,7.0,6.0,0.0,0.3,0.78
157,japanese-rice-gohan,259,1.0,0.0,58.0,2.0,0.0,5.0,0.3
158,miso-soup,99,4.0,0.4,9.0,1.0,1.0,7.0,2.44
159,katsu-curry,743,32.0,16.0,80.0,14.0,6.0,29.0,1.4
160,veggie-yaki-udon,366,9.0,1.0,51.0,12.0,11.0,15.0,1.4
161,chuka-fu-shredded-cabbage,103,7.0,1.0,6.0,5.0,3.0,2.0,0.9
162,tonkatsu-pork,576,25.0,8.0,43.0,6.0,2.0,42.0,1.5
163,veggie-okonomiyaki,312,15.0,3.0,29.0,6.0,5.0,15.0,0.7
164,quick-sushi-bowl,498,11.0,2.0,70.0,13.0,4.0,27.0,2.3
165,katsu-aubergine-noodles,1145,61.0,32.0,119.0,25.0,20.0,21.0,2.1
166,japanese-katsudon,583,21.0,6.0,63.0,12.0,4.0,34.0,2.1
167,smoked-salmon-avocado-sushi,49,2.0,0.0,7.0,0.0,1.0,2.0,0.24
168,yakitori-chicken,265,3.0,1.0,27.0,22.0,0.0,27.0,3.7
169,goma-ae-japanese-greens,120,5.0,1.0,10.0,8.0,4.0,5.0,0.9
170,miso-steak,232,9.0,4.0,4.0,3.0,0.0,32.0,0.66
171,rice-quinoa-prawn-sushi-bowl,439,10.0,2.0,61.0,13.0,6.0,22.0,1.8
172,katsu-pork-sticky-rice,535,11.0,2.0,73.0,11.0,4.0,37.0,1.6
173,chicken-katsu-curry,585,16.0,2.0,58.0,12.0,9.0,47.0,0.3
175,chicken-katsu-curry-burger,1080,48.0,6.0,107.0,21.0,8.0,50.0,3.0
176,next-level-chicken-katsu-curry,579,19.0,8.0,61.0,12.0,6.0,37.0,3.3
178,aubergine-katsu-curry,786,32.0,17.0,105.0,20.0,11.0,15.0,0.3
179,katsu-curry-wrap,569,25.0,5.0,60.0,12.0,7.0,23.0,2.2
180,katsu-curry-sauce,262,20.0,15.0,15.0,11.0,4.0,3.0,0.07
181,cheats-katsu-curry,499,31.0,6.0,33.0,9.0,4.0,21.0,3.4
182,chicken-katsu,319,5.0,1.0,36.0,13.0,0.0,34.0,2.0
184,lighter-chicken-katsu,529,10.5,1.2,61.3,8.6,3.5,44.3,1.3
185,katsu-sandos,672,29.0,3.0,74.0,20.0,4.0,26.0,2.4
186,prawn-katsu-burgers,1070,74.0,12.0,68.0,13.0,6.0,30.0,2.8
187,chip-shop-curry-sauce,124,6.0,3.0,13.0,8.0,3.0,3.0,0.3
188,scandi-smoked-mackerel-rye,406,17.0,5.0,44.0,12.0,8.0,16.0,2.1
189,scandi-trout-fennel-potato-salad,437,18.0,6.0,34.0,7.0,7.0,30.0,0.4
190,princess-cake,1360,67.0,32.0,166.0,129.0,3.0,21.0,1.0
191,soused-mackerel-creme-fraiche-capers,672,48.0,14.0,9.0,7.0,2.0,49.0,1.8
192,scandi-salmon-pie,600,34.0,15.0,47.0,7.0,4.0,24.0,1.6
193,super-quick-scandi-supper,504,11.0,2.0,68.0,13.0,7.0,37.0,2.68
194,scandi-smoked-salmon-potatoes,291,19.0,5.0,17.0,5.0,1.0,15.0,2.63
195,scandi-salmon-salad,526,26.0,10.0,41.0,8.0,4.0,31.0,1.0
196,scandi-style-sausage-hash-pickled-beetroot,829,51.0,14.0,66.0,24.0,9.0,27.0,3.2
197,brown-butter-boxty-blinis,82,6.0,3.0,5.0,1.0,0.4,2.0,0.3
198,scandi-meatballs,302,23.0,8.0,8.0,4.0,1.0,16.0,2.5
199,scandi-smoked-salmon,133,8.0,4.0,3.0,2.0,1.0,14.0,2.5
200,scandi-beetroot-salmon-pasta,453,18.0,3.0,43.0,13.0,11.0,24.0,0.9
201,scandi-cheese-crackers,0,0.0,0.0,0.0,0.0,0.0,0.0,0.0
202,scandinavian-roast-turkey-prune-juniper-stuffing-caramelised-apples,930,41.0,17.0,46.0,23.0,5.0,95.0,1.64
203,scandi-style-flatbread,619,24.0,6.0,60.0,12.0,5.0,39.0,1.6
204,scandi-goats-cheese-sweet-potato-coulibiac,749,44.0,27.0,70.0,12.0,6.0,15.0,1.1
205,scandi-style-oysters,28,1.0,0.1,0.4,0.4,0.5,5.0,0.64
206,gratin-fresh-smoked-salmon-beetroot-potatoes-dill,641,49.0,25.0,25.0,8.0,3.0,24.0,1.0
207,classic-swedish-meatballs,301,13.0,4.0,22.0,2.0,1.0,26.0,1.73
208,apple-cream-and-cardamom-surprise,534,33.0,19.0,53.0,43.0,3.0,4.0,0.4
209,glogg,219,3.0,0.2,24.0,24.0,0.2,2.0,0.03
210,mustardy-salmon-beetroot-lentils,875,49.0,12.0,42.0,14.0,15.0,58.0,2.5
211,cured-pollack-dill-cream-radish-salad,463,37.0,11.0,5.0,4.0,1.0,27.0,2.6
212,sweet-german-dumplings,528,20.0,12.0,74.0,35.0,2.0,11.0,0.3
213,black-forest-gateau,859,49.0,3029.9,94.0,74.0,3.0,7.0,0.7
214,red-berry-fruit-compote-german-rote-grutze,171,2.0,2.0,33.0,24.0,1.0,3.0,0.1
215,german-cheese-bacon-pancakes,545,44.0,22.0,17.0,5.0,2.0,18.0,2.01
217,schmarren-with-raisins,680,22.0,11.0,88.0,40.0,4.0,20.0,0.6
219,black-forest-tart,382,22.0,10.0,38.0,17.0,2.7,6.0,0.5
220,sausages-braised-cabbage-caraway,507,38.0,16.0,21.0,12.0,5.0,18.0,2.7
222,christmas-stollen-almonds-and-marzipan,190,4.0,1.0,34.0,15.0,1.0,4.0,0.0
224,stollen-muffins,315,15.0,5.0,37.0,22.0,2.0,7.0,0.4
225,spiced-stollen-plait,330,11.0,4.0,47.0,26.0,2.0,7.0,0.3
226,klump,651,16.0,8.0,40.0,9.0,5.0,10.0,1.0
227,ham-cheese-dutch-baby-pancake,683,39.0,20.0,45.0,6.0,3.0,37.0,3.3
228,dutch-baby-pancake-drunken-cherries,357,13.0,3.0,45.0,27.0,1.0,9.0,0.2
229,baumkuchen,490,34.0,19.0,40.0,26.0,1.0,6.0,0.5
230,zimtsterne-cinnamon-stars,78,5.0,0.0,7.0,7.0,1.0,2.0,0.0
231,simple-sauerkraut,33,0.0,0.0,5.0,5.0,3.0,1.0,2.1
233,lebkuchen,102,4.0,2.0,16.0,9.0,0.5,2.0,0.16
234,stollen-spirals,467,13.0,5.0,80.0,41.0,3.0,9.0,0.4
235,stollen-wreath-cake,667,27.0,11.0,96.0,85.0,2.0,8.0,0.5
236,huevos-rancheros,540,29.0,7.0,44.0,5.0,10.0,21.0,1.5
237,flan,288,10.0,6.0,39.0,39.0,0.0,10.0,0.4
238,black-bean-turkey-tinga-with-avocado-crema,470,24.0,5.0,20.0,9.0,10.0,39.0,0.64
239,healthier-burritos,568,17.0,4.0,69.0,11.0,11.0,29.0,0.86
240,beef-enchiladas,703,26.0,11.0,79.0,10.0,12.0,32.0,3.0
241,tacos-dorados-de-barbacoa,715,47.0,9.0,38.0,6.0,8.0,32.0,2.7
242,sweet-spicy-carrot-tacos,455,26.0,10.0,40.0,27.0,10.0,10.0,1.88
243,mexican-street-corn-soup,236,9.0,3.0,29.0,12.0,7.0,7.0,1.0
244,chicken-bean-enchiladas,484,12.0,5.0,54.0,14.0,12.0,34.0,1.4
245,gingerbread-tres-leches-cake,376,19.0,11.0,43.0,30.0,1.0,7.0,0.3
246,birria-tacos,458,27.0,8.0,3.0,3.0,1.0,50.0,2.7
247,cheesy-black-bean-quesadillas,363,12.0,7.0,39.0,2.0,11.0,19.0,1.09
248,mexican-fiesta-rice,164,3.0,1.0,29.0,3.0,2.0,4.0,0.2
249,easy-chicken-fajitas,494,20.0,4.0,50.0,9.0,8.0,25.0,1.49
250,spicy-beef-taco-bowl,601,21.0,6.0,56.0,14.0,16.0,38.0,0.4
251,mexican-tomato-rice,212,3.0,0.5,39.0,4.0,2.0,7.0,0.75
252,goat-mole-chilli-with-pickled-radishes,259,10.0,3.0,12.0,10.0,2.0,29.0,0.9
253,tres-leches-cake,301,15.0,9.0,34.0,25.0,1.0,6.0,0.3
254,black-bean-tostadas-avocado-salsa,675,17.0,7.0,91.0,18.0,15.0,27.0,0.6
255,pasilla-mole,228,16.0,5.0,11.0,8.0,5.0,7.0,1.39
256,best-ever-chunky-guacamole,103,10.0,1.0,2.0,0.0,2.0,1.0,0.0
257,prawn-chorizo-quesadilla,384,20.0,6.0,27.0,6.0,4.0,22.0,2.3
258,shredded-beef-chilli-taco-bowls,741,21.0,8.0,78.0,23.0,15.0,52.0,1.4
259,smoky-veggie-nachos,292,11.0,2.0,37.0,8.0,7.0,9.0,0.7
260,moroccan-meatball-tagine-lemon-olives,394,26.0,9.0,11.0,8.0,3.0,31.0,1.7
261,aromatic-lamb-dates,343,14.0,5.0,30.0,15.0,3.0,28.0,0.35
262,pumpkin-cranberry-red-onion-tagine,449,16.0,2.0,67.0,23.0,6.0,13.0,1.93
263,moroccan-spiced-fish-ginger-mash,445,7.0,3.0,65.0,17.0,0.0,36.0,0.67
264,moroccan-haira,335,6.0,1.0,48.0,21.0,13.0,16.0,0.2
265,speedy-moroccan-meatballs,388,25.0,9.0,24.0,17.0,6.0,18.0,1.58
266,moroccan-roast-lamb-roasted-roots-coriander,446,20.0,5.0,18.0,10.0,10.0,45.0,
267,easy-chicken-tagine,304,11.0,3.0,14.0,12.0,3.0,39.0,0.48
268,moroccan-spiced-pie,987,66.0,15.0,82.0,13.0,7.0,21.0,1.64
269,tabbouleh-0,320,18.0,3.0,37.0,0.0,2.0,5.0,0.04
270,moroccan-spiced-cauliflower-almond-soup,200,16.0,2.0,8.0,3.0,3.0,8.0,2.7
271,spiced-bulgur-wheat-roasted-peppers,364,13.0,1.0,55.0,6.0,4.0,11.0,1.58
272,moroccan-chickpea-soup-0,181,5.0,1.0,20.0,8.0,8.0,9.0,0.43
273,moroccan-kofte-spicy-tomato-sauce,316,20.0,9.0,8.0,6.0,2.0,27.0,0.5
274,spicy-moroccan-rice,602,15.0,7.0,77.0,0.0,4.0,45.0,3.29
275,moroccan-spiced-carrots,95,6.0,1.0,10.0,9.0,3.0,1.0,0.1
276,moroccan-orange-cardamom-cake,261,13.0,2.0,26.0,2.0,0.4,9.0,0.34
277,tangy-couscous-salad,269,9.0,4.0,0.0,3.0,1.0,9.0,0.92
278,moroccan-chard-lamb-pan-fry,438,27.0,10.04,12.0,7.7,0.8,38.0,1.0
279,versatile-dip,0,0.0,0.0,0.0,0.0,0.0,0.0,0.0
280,moroccan-freekeh-traybake,622,24.0,3.0,70.0,16.0,16.0,21.0,1.3
281,fish-tagine-saffron-almonds,299,11.0,1.0,10.0,9.0,2.0,41.0,0.7
282,moroccan-roast-chicken-apricots,677,41.0,9.0,19.0,17.0,3.0,55.0,0.6
283,moroccan-spiced-turkey-pie,502,26.0,11.0,29.0,9.0,7.0,34.0,1.4
284,spiced-tortilla,327,17.0,4.0,27.0,5.0,3.0,19.0,0.69
285,roast-cod-paella-saffron-olive-oil,660,28.0,6.0,36.0,4.0,2.0,65.0,2.8
286,easy-spanish-chicken,567,37.0,10.0,19.0,10.0,9.0,35.0,2.74
287,jamon-wild-garlic-croquetas,253,14.0,5.0,21.0,3.0,1.0,10.0,0.8
288,arroz-con-gambas-y-calamar,455,8.0,2.0,63.0,3.0,1.0,27.0,1.8
289,churros-chocolate-dipping-sauce,185,9.6,5.0,22.4,13.7,0.9,2.0,0.2
290,padron-peppers,38,2.0,0.3,3.0,3.0,2.0,1.0,0.21
291,olive-oil-chocolate-mousse-with-px-almond-biscuits,521,39.0,14.0,33.0,23.0,3.0,8.0,0.3
292,next-level-paella,600,23.0,6.0,53.0,5.0,5.0,35.0,1.9
293,sangria,232,0.0,0.0,22.0,22.0,3.0,1.0,0.03
294,pan-fried-hake-white-bean-chorizo-broth,577,20.0,4.0,46.0,4.0,15.0,54.0,3.4
295,clam-chorizo-white-bean-stew,285,8.0,3.0,27.0,10.0,9.0,28.0,2.82
296,spanish-chicken-pie,421,10.0,2.0,57.0,10.0,8.0,30.0,1.32
297,arroz-al-horno-baked-rice,563,28.0,10.0,43.0,4.0,4.0,33.0,1.3
298,spanish-sardines-toast,420,21.0,4.0,31.0,3.0,3.0,29.0,1.81
299,chorizo-soft-boiled-egg-salad,374,21.0,7.0,24.0,4.0,3.0,24.0,2.3
300,chorizo-potato-cheese-omelette,602,44.0,18.0,15.0,2.0,1.0,36.0,1.8
301,horchata,149,3.0,0.3,28.0,15.0,0.4,2.0,0.15
302,pisto-con-huevos,280,12.0,2.0,23.0,20.0,14.0,13.0,0.2
303,chicken-chorizo-rice-pot,834,21.0,7.0,90.0,9.0,4.0,63.0,1.7
304,pollo-en-pepitoria,542,33.0,6.0,10.0,5.0,2.0,31.0,0.89
305,spanish-fig-almond-balls,306,20.0,2.0,24.0,23.0,5.0,8.0,0.05
306,spanish-chicken,701,51.0,14.0,9.0,6.0,2.0,53.0,0.84
307,torrijas-sherry,484,24.0,12.0,49.0,21.0,1.0,10.0,1.1
308,easy-pad-thai,531,20.0,3.0,62.0,5.0,2.0,27.0,3.0
309,panang-chicken-curry-kaeng-panang-gai,555,38.0,30.0,20.0,14.0,5.0,31.0,4.6
310,tom-yum-soup-with-prawns,247,7.0,5.0,24.0,19.0,3.0,20.0,6.35
311,thai-green-chicken-curry-0,528,38.9,30.8,10.5,5.1,2.3,34.1,1.1
312,thai-chicken-and-sweet-potato-soup,360,18.1,12.4,30.0,10.8,3.2,19.2,2.1
313,thai-inspired-coconut-chicken-soup,354,24.0,16.0,9.0,6.0,2.0,24.0,2.4
314,thai-curry-noodle-soup,320,12.0,6.0,41.0,7.0,7.0,10.0,1.3
315,tom-yum-hot-sour-soup-prawns,90,1.0,0.0,5.0,1.0,2.0,17.0,5.8
316,turkey-larb-bowls,584,13.0,3.0,82.0,12.0,1.0,34.0,2.0
317,next-level-pad-thai,992,45.0,7.0,98.0,12.0,6.0,45.0,7.5
318,thai-pork-peanut-curry,388,25.0,4.0,12.0,9.0,2.0,28.0,1.6
319,thai-fried-rice-prawns-peas,287,12.0,3.0,21.0,3.0,3.0,22.0,1.9
320,thai-prawn-ginger-spring-onion-stir-fry,294,12.0,2.0,22.0,17.0,3.0,25.0,6.32
321,thai-beef-stir-fry,178,10.0,2.0,1.0,1.0,0.0,22.0,0.55
322,suki,910,26.0,8.0,124.0,5.0,3.0,43.0,8.9
323,thai-shredded-chicken-runner-bean-salad,214,11.0,8.0,6.0,5.0,1.0,23.0,2.31
324,ken-homs-stir-fried-chicken-chillies-basil,200,9.0,2.0,6.0,3.0,0.0,25.0,2.07
325,thai-style-steamed-fish,199,7.0,2.0,4.0,0.0,0.0,29.0,3.25
326,thai-minced-chicken-salad,261,8.0,1.0,9.0,5.0,2.0,39.0,2.72
327,ultimate-makeover-thai-green-chicken-curry,487,16.0,10.0,55.0,4.0,2.0,35.0,0.96
328,fragrant-thai-prawns,137,8.0,1.0,0.0,0.0,0.0,16.0,0.42
329,tempeh-pad-thai,486,16.0,2.0,56.0,21.0,8.0,24.0,4.11
330,thai-rice-noodle-salad,153,1.0,0.0,34.0,5.0,2.0,5.0,1.49
331,red-curry-chicken-kebabs,251,8.0,3.0,10.0,8.0,2.0,36.0,0.85
333,lamb-chops-hummus-roasted-tomatoes,867,58.0,19.0,32.0,3.0,7.0,50.0,1.0
334,mediterranean-fish-gratins,372,11.0,3.0,16.0,8.0,4.0,46.0,1.1
335,speedy-mediterranean-gnocchi,353,5.0,1.0,68.0,7.0,5.0,7.0,2.0
336,mediterranean-salad-with-hummus-dressing,386,27.0,6.0,17.0,5.0,9.0,13.0,2.6
337,deli-couscous,522,29.0,8.0,47.0,2.0,5.0,15.0,2.3
338,mediterranean-spelt-stuffed-peppers,345,11.0,2.0,44.0,22.0,12.0,10.0,0.8
339,mediterranean-turkey-stuffed-peppers,403,19.0,6.0,15.0,14.0,5.0,40.0,1.9
340,mediterranean-potato-salad-0,111,4.0,1.0,16.0,3.0,2.0,3.0,0.2
341,antipasti-salmon,470,37.0,16.0,9.0,7.0,4.0,24.0,1.5
342,all-one-fish-supper,521,28.0,4.0,26.0,18.0,12.0,40.0,3.3
343,crispy-fried-calamari-aioli,388,30.0,3.0,15.0,1.0,0.4,14.0,0.7
344,courgette-quinoa-stuffed-peppers,260,8.0,3.0,33.0,10.0,11.0,11.0,0.8
345,bacon-brie-omelette-wedges-summer-salad,395,31.0,12.0,3.0,3.0,2.0,25.0,2.2
346,barcelona-baguette,402,13.0,3.0,55.0,7.0,4.0,14.0,1.7
347,herbed-lamb-cutlets-roasted-vegetables,429,29.0,13.0,23.0,12.0,6.0,19.0,0.2
348,chorizo-pilaf,488,18.0,6.0,58.0,9.0,3.0,19.0,1.4
349,broad-bean-feta-cheese-toasts,354,18.0,8.0,28.0,6.0,11.0,20.0,2.2
350,speedy-goats-cheese-lentil-filo-pie,613,19.0,11.0,69.0,8.0,14.0,33.0,2.7
351,slow-cooker-spanish-chicken,447,27.0,8.0,7.0,6.0,4.0,34.0,2.9
352,vegan-stuffed-peppers,285,14.0,1.0,30.0,11.0,4.0,7.0,0.79
353,mediterranean-savoury-gt,182,1.0,0.2,8.0,8.0,1.0,1.0,0.02
354,caponata,235,15.0,2.0,20.0,8.0,5.0,4.0,0.4
355,spanish-meatball-butter-bean-stew,435,15.0,5.0,35.0,22.0,12.0,33.0,1.3
357,north-african-chicken-tagine,630,38.0,10.0,16.0,10.0,3.0,58.0,0.86
358,chicken-tagine-lemons-olives-pomegranates,483,32.0,10.0,14.0,11.0,3.0,33.0,1.8
359,chicken-chickpea-tagine,456,11.0,2.0,34.0,23.0,7.0,52.0,1.3
360,chicken-tagine-spiced-brussels-feta,441,19.0,8.0,24.0,16.0,9.0,39.0,0.7
361,moroccan-chicken-fennel-olives,714,25.0,5.0,56.0,9.0,20.0,56.0,0.8
362,lamb-squash-apricot-tagine,451,18.0,6.0,29.0,26.0,7.0,43.0,0.3
363,slow-cooker-lamb-tagine,649,45.0,20.0,17.0,10.0,5.0,42.0,1.3
364,persian-lamb-tagine,667,39.0,13.0,37.0,31.0,7.0,39.0,0.3
365,fruity-lamb-tagine,514,18.0,5.0,42.0,31.0,14.0,38.0,1.44
366,one-pan-lamb-tagine-with-chickpeas,605,33.0,12.0,31.0,16.0,12.0,41.0,1.2
367,lamb-apricot-shallot-tagine,659,41.0,13.0,18.0,16.0,4.0,57.0,0.5
368,lamb-tagine-dates-sweet-potatoes,646,32.0,13.0,49.0,33.0,0.0,42.0,0.82
369,lamb-apricot-stew,447,28.0,10.0,19.0,15.0,4.0,32.0,0.69
370,family-meals-easy-lamb-tagine,413,21.7,7.5,27.3,22.4,6.4,27.2,1.0
371,lamb-cranberry-tagine,574,33.0,11.0,17.0,14.0,6.0,50.0,0.4
372,tagine-lamb-merguez-sausages,852,65.0,19.0,21.0,15.0,4.0,45.0,1.4
374,turkish-lamb-pilau,584,24.0,9.0,65.0,0.0,3.0,32.0,1.4
375,lamb-christmas-spices,699,43.0,18.0,25.0,22.0,5.0,56.0,0.82
376,sweet-spiced-lamb-shanks-quince,624,36.0,16.0,14.0,11.0,2.0,59.0,0.4
382,cod-olive-tagine-with-brown-rice,428,12.0,1.0,56.0,13.0,9.0,19.0,1.1
383,fragrant-fish-tagine,282,11.0,2.0,24.0,7.0,5.0,24.0,2.76
389,5-day-tagine,272,8.0,1.0,45.0,32.0,0.0,7.0,0.35
391,duck-tagine-clementines,437,23.0,6.0,9.0,7.0,2.0,48.0,0.62
392,vegetable-tagine-chickpeas-raisins,246,9.0,1.0,36.0,19.0,9.0,12.0,0.52
393,vegetable-tagine-almond-chickpea-couscous,483,11.0,1.0,85.0,33.0,10.0,15.0,0.61
394,moroccan-tagine,393,18.0,2.0,52.0,2.0,10.0,8.0,0.12
396,moroccan-mushrooms-couscous,245,4.0,0.0,44.0,11.0,6.0,11.0,0.51
398,moroccan-lamb-meatballs-harissa-couscous,651,37.0,16.0,50.0,2.0,0.0,33.0,0.84
399,roast-summer-vegetables-chickpeas,327,15.0,2.0,40.0,13.0,9.0,11.0,0.51
401,turkish-pizza-spiced-pomegranate-beef-feta,439,12.0,4.0,56.0,14.0,3.0,20.0,1.6
402,lahmacun,682,18.0,6.0,98.0,4.0,6.0,30.0,2.61
403,turkish-rice-vermicelli-rice,312,10.0,3.0,49.0,0.0,1.0,5.0,0.98
404,imam-bayildi-bbq-lamb-tzatziki,435,32.0,14.0,12.0,10.0,5.0,27.0,0.27
405,turkish-one-pan-eggs-peppers-menemen,222,15.0,4.0,12.0,9.0,3.0,12.0,0.39
406,spinach-chilli-bean-pide,782,15.0,5.0,123.0,21.0,13.0,31.0,3.1
407,ezme,122,9.0,1.0,7.0,6.0,3.0,1.0,1.03
408,grilled-aubergines-spicy-chickpeas-walnut-sauce,640,45.0,10.0,39.0,16.0,13.0,22.0,0.9
409,cacik,72,4.0,1.0,6.0,5.0,0.4,4.0,0.59
410,diy-kofta-burgers,295,18.0,8.0,8.0,2.0,0.0,26.0,0.37
411,hot-cumin-lamb-wrap-crunchy-slaw-spicy-mayo,661,29.0,7.0,67.0,21.0,9.0,30.0,1.5
412,smoked-aubergine-puree,77,5.0,2.0,6.0,5.0,3.0,4.0,0.07
413,slow-roast-lamb-cinnamon-fennel-citrus,514,32.0,13.0,8.0,5.0,0.0,50.0,0.29
414,chicken-wings-cumin-lemon-garlic,191,15.0,4.0,3.0,2.0,0.0,13.0,0.13
415,adana-kebab,455,31.0,10.0,5.0,4.0,3.0,36.0,2.55
416,rose-cream-raspberry-jellies,501,46.0,28.0,19.0,18.0,1.0,3.0,0.0
418,smoky-chicken-skewers,126,6.0,1.0,0.0,0.0,0.0,18.0,0.2
419,chilli-ginger-lamb-chops,227,12.0,4.0,1.0,0.0,0.0,30.0,0.2
420,spicy-falafels,105,6.0,1.0,8.0,1.0,2.0,5.0,0.27
421,almond-honey-pastries-orange-cream,397,32.0,14.0,21.0,13.0,2.0,7.0,0.26
422,aubergine-couscous-salad,523,31.0,11.0,45.0,9.0,6.0,18.0,1.08
423,roasted-chicken-creamy-walnut-sauce,1245,86.0,20.0,54.0,5.0,4.0,67.0,1.76
424,easy-hummus-recipe,135,5.1,0.7,12.4,1.3,2.6,7.5,0.5
425,vietnamese-chicken-noodle-soup,442,4.0,1.0,68.0,4.0,5.0,31.0,1.5
426,vietnamese-caramel-trout,301,8.0,2.0,28.0,27.0,2.0,31.0,1.9
427,banh-mi,926,46.0,11.0,92.0,20.0,2.0,35.0,4.3
428,steak-vietnamese-noodle-salad,400,9.0,3.0,41.0,12.0,8.0,34.0,1.1
429,purple-sprouting-broccoli-tempura-with-nuoc-cham,504,12.0,1.0,85.0,23.0,7.0,10.0,3.5
430,vietnamese-egg-coffee,187,9.0,3.0,21.0,20.0,0.0,6.0,0.1
432,vietnamese-chicken-salad,432,13.0,3.0,46.0,6.0,4.0,30.0,2.8
433,salt-pepper-squid,380,14.0,2.0,48.0,7.0,1.0,20.0,3.29
434,salmon-noodle-soup,265,10.0,2.0,27.0,4.0,1.0,19.0,0.83
435,vietnamese-style-caramel-pork,350,20.0,6.0,19.0,19.0,0.0,24.0,0.9
436,vietnamese-veggie-hotpot,75,2.0,0.0,13.0,9.0,0.0,2.0,0.53
437,vietnamese-prawn-summer-rolls,74,0.0,0.0,12.0,3.0,1.0,5.0,1.1
438,vietnamese-pork-salad,195,11.0,2.0,4.0,1.0,2.0,21.0,1.1
439,beef-pho,471,18.0,8.0,44.0,15.0,6.0,29.0,3.83
440,bang-bang-prawn-salad,301,8.0,2.0,40.0,10.0,3.0,19.0,1.51
441,vietnamese-prawn-salad,579,4.0,3.0,117.0,14.0,2.0,27.0,1.66
442,tofu-greens-cashew-stir-fry,358,23.0,3.0,13.0,8.0,6.0,25.0,3.49
443,prawn-spring-roll-wraps,241,5.0,1.0,39.0,8.0,0.0,14.0,1.29
444,vietnamese-veg-parcels,180,2.0,0.4,28.0,5.0,2.0,15.0,3.3
445,barbecue-pork-buns,512,14.0,5.0,82.0,24.0,3.0,19.0,3.78
446,vietnamese-prawn-spiralized-rolls,41,0.3,0.1,7.0,2.0,1.0,3.0,0.9
447,vietnamese-prawn-noodle-salad-crispy-shallots,331,7.0,1.0,53.0,7.0,2.0,18.0,1.41
448,crunchy-prawn-noodle-salad-0,278,1.0,0.0,55.0,13.0,0.0,15.0,1.43
449,pomegranate-chicken-almond-couscous,590,20.0,2.0,50.0,14.0,4.0,50.0,0.4
450,halloumi-quinoa-fattoush,542,32.0,13.0,37.0,6.0,7.0,23.0,2.2
451,summer-couscous-salad,721,50.0,14.0,47.0,1.0,4.0,23.0,2.86
452,shakshuka,340,20.0,5.0,21.0,17.0,0.0,21.0,1.2
454,zeljanica-cheese-spinach-pie,445,30.0,14.0,27.0,5.0,3.0,15.0,1.2
455,quick-salmon-preserved-lemon-olive-pilaf,605,30.0,5.0,45.0,2.0,5.0,37.0,1.7
457,simit-bread,408,15.0,3.0,52.0,4.0,5.0,14.0,1.2
458,fatteh-makdous-lamb-stuffed-baby-aubergines-in-tomato-tahini-sauce,502,35.0,8.0,24.0,6.0,6.0,19.0,0.4
459,tarator-style-salmon,398,27.0,4.0,4.0,2.0,2.0,34.0,0.4
460,chicken-pomegranate-brazil-nuts,707,56.0,18.0,4.0,2.0,2.0,45.0,0.5
461,middle-eastern-carrot-salad,69,3.0,1.0,9.0,9.0,4.0,1.0,0.1
462,nutty-baklava,224,12.0,4.0,24.0,13.0,2.0,4.0,0.3
463,spiced-cauliflower-roast,355,21.0,9.0,20.0,8.0,10.0,15.0,1.7
464,hummus,380,28.0,4.0,9.0,0.4,5.0,7.0,0.01
465,lebanese-poussin-spiced-aubergine-pilaf,908,42.0,9.0,59.0,20.0,6.0,62.0,0.9
466,baba-ganoush,167,15.0,2.0,3.0,3.0,4.0,3.0,0.02
467,zaatar-croissants,283,18.0,10.0,20.0,4.0,1.0,9.0,1.5
468,labneh-radishes-sumac-toast,250,18.0,11.0,16.0,4.0,2.0,6.0,0.7
470,herby-quinoa-feta-pomegranate-salad,279,11.9,2.4,33.2,15.6,1.2,9.5,0.5
471,lamb-apricot-meatballs,411,22.0,9.0,26.0,13.0,3.0,28.0,0.72
472,middle-eastern-bread-goats-cheese-salad,418,26.0,11.0,26.0,7.0,4.0,17.0,1.32
473,vegetable-tagine-apricot-quinoa,650,20.0,3.0,80.0,31.0,23.0,25.0,0.5
476,chickpea-roasted-veg-tagine,241,9.0,1.0,32.0,15.0,5.0,7.0,0.36
477,cauliflower-olive-lentil-tagine,336,7.0,1.0,46.0,16.0,17.0,13.0,0.8
478,butternut-squash-chickpea-tagine,221,5.0,1.0,29.0,15.0,10.0,9.0,0.09
482,lemon-mint-aubergine-tagine-almond-couscous,361,10.0,1.0,50.0,12.0,9.0,16.0,0.9
483,mixed-vegetable-tagine,230,7.0,1.0,24.0,7.5,6.0,10.0,0.4
484,pearl-barley-parsnip-preserved-lemon-tagine,639,22.0,5.0,87.0,25.0,18.0,14.0,2.2
485,smoky-aubergine-tagine-lemon-apricots,270,11.0,2.0,29.0,26.0,12.0,8.0,0.3
486,chickpea-tagine-soup,309,10.0,1.0,34.0,13.0,14.0,13.0,1.0
495,next-level-chocolate-babka,536,30.0,14.0,55.0,25.0,3.0,11.0,0.7
499,polish-apple-cake-szarlotka,398,16.0,9.0,60.0,33.0,3.0,5.0,0.1
500,piernik-polish-gingerbread,643,32.0,19.0,81.0,54.0,3.0,7.0,0.5
501,easy-pork-chive-dumplings,602,22.0,6.0,61.0,3.0,1.0,38.0,2.7
506,one-pot-glass-noodles-braised-chinese-mushrooms,350,10.0,1.0,56.0,6.0,3.0,8.0,2.1
508,sweet-sour-prawns,263,13.0,2.0,25.0,15.0,3.0,10.0,3.0
509,crossing-the-bridge-noodles,665,19.0,6.0,62.0,13.0,10.0,57.0,14.5
510,one-pot-crystal-chicken,329,22.0,6.0,1.0,0.0,0.0,31.0,0.6
511,stir-fried-garlic-green-beans,46,4.0,1.0,18.0,7.0,1.0,3.0,0.6
512,sticky-lemon-chicken-0,250,13.0,3.0,4.0,3.0,0.0,31.0,0.2
514,crisp-chinese-pork,696,50.0,19.0,3.0,2.0,0.0,59.0,5.83
515,pineapple-fried-rice,301,9.0,2.0,44.0,13.0,4.0,9.0,0.8
516,sichuan-style-yuxiang-aubergine,327,9.0,1.0,31.0,11.0,4.0,28.0,2.9
518,veggie-bao-buns,98,2.0,0.0,16.0,2.0,1.0,2.0,0.2
519,prawns-in-longjing-tea,292,16.0,3.0,22.0,1.0,2.0,14.0,1.6
520,chilli-pork-spare-ribs,405,22.0,8.0,20.0,11.0,2.0,30.0,4.7
521,bacon-dried-shrimp-spring-onion-chee-cheong-fun-rolls,297,18.0,5.0,22.0,5.0,1.0,12.0,2.9
522,curried-sweetcorn-soup-chicken,246,6.0,1.0,18.0,3.0,4.0,28.0,2.2
523,fried-stuffed-cucumbers,268,15.0,4.0,17.0,8.0,2.0,16.0,4.7
527,easy-beef-burritos,872,32.0,10.0,98.0,11.0,10.0,42.0,1.11
528,raid-fridge-burritos,878,28.0,10.0,108.0,13.0,14.0,40.0,2.5
529,breakfast-burrito,366,21.0,4.0,26.0,4.0,5.0,16.0,0.9
530,marathon-burritos,518,14.0,3.0,85.0,13.0,13.0,16.0,0.8
531,healthy-chicken-burritos,529,20.0,4.0,46.0,7.0,13.0,36.0,0.7
532,vegan-burritos,513,16.0,3.0,71.0,7.0,9.0,16.0,1.7
533,burrito-bowl-chipotle-black-beans,573,21.0,4.0,72.0,7.0,15.0,16.0,0.8
534,easy-chicken-burritos,610,24.0,11.0,66.0,5.0,8.0,29.0,1.7
535,brazil-nut-burritos,858,33.0,12.0,108.0,13.0,15.0,25.0,1.6
536,belly-pork-pineapple-burritos,548,34.0,12.0,18.0,18.0,1.0,41.0,0.9
537,steak-burrito-bowl,549,24.0,7.0,49.0,10.0,3.0,32.0,0.8
538,tex-mex-burrito,611,38.0,16.0,33.0,6.0,2.0,35.0,1.96
539,sushi-burrito,313,11.0,2.0,33.0,4.0,5.0,18.0,0.7
541,chapatis,121,3.0,0.4,20.0,0.3,2.0,3.0,0.5
542,bacon-chapati,378,20.0,5.0,31.0,4.0,0.3,18.0,2.4
543,spicy-vegetable-chapati-wraps,289,5.0,0.0,54.0,8.0,5.0,12.0,1.08
544,chickpea-spinach-chapatis,424,12.0,2.0,64.0,14.0,0.0,19.0,1.81
545,spicy-scrambled-eggs-chapatis,327,18.0,7.0,26.0,0.0,1.0,18.0,69.0
546,spinach-omelette-chapati-wraps,376,21.0,5.0,29.0,2.0,1.0,18.0,1.0
547,spicy-red-lentil-soup-cheese-chapatis,487,17.0,5.0,64.0,8.0,4.0,25.0,4.14
548,bombay-lamb-wraps,576,15.0,4.0,80.0,12.0,11.0,26.0,1.3
549,coronation-turkey-homemade-chapatis,910,56.0,15.0,61.0,5.0,10.0,45.0,2.2
550,chicken-masala-skewers,227,4.0,1.0,8.0,6.0,2.0,39.0,0.77
552,bean-enchiladas,430,13.0,4.0,60.0,17.0,15.0,23.0,1.36
553,chicken-and-bean-enchiladas,468,20.0,10.0,36.0,10.0,6.0,33.0,1.7
555,enchilada-pie,569,26.0,12.0,55.0,22.0,18.0,19.0,1.0
557,vegan-enchiladas,602,27.0,5.0,60.0,13.0,23.0,19.0,0.59
558,chicken-enchilada-wraps,570,20.0,4.0,43.0,13.0,12.0,47.0,0.64
559,rice-bean-enchiladas,634,13.0,4.0,104.0,13.0,4.0,31.0,4.81
560,enchilada-sauce,42,2.0,0.2,4.0,4.0,1.0,1.0,0.02
561,chicken-bean-enchiladas-0,842,36.0,14.0,88.0,16.0,11.0,46.0,4.52
562,pork-chorizo-enchiladas,812,41.0,18.0,60.0,19.0,8.0,46.0,3.2
563,squash-bean-enchiladas,545,16.0,6.0,77.0,25.0,11.0,18.0,2.7
564,turkey-tortilla-pie,420,12.0,3.6,33.0,11.0,7.9,42.0,1.0
565,cabbage-roll-enchiladas,437,12.0,5.0,32.0,13.0,16.0,43.0,1.8
566,turkey-enchiladas,486,8.0,3.0,56.0,12.0,9.0,44.0,1.6
567,fennel-potato-gratin,440,31.0,18.0,28.0,4.0,4.0,4.0,0.1
568,fennel-gratin,320,31.0,17.0,4.0,3.0,3.0,7.0,0.56
569,ultimate-gratin-dauphinois,409,28.0,18.0,30.0,4.0,3.0,7.0,0.27
570,potato-leek-gratin,486,28.0,17.0,40.0,0.0,4.0,21.0,1.95
571,celeriac-potato-rosemary-gratin,685,59.0,33.0,31.0,9.0,6.0,9.0,0.75
572,pumpkin-potato-gratin,639,50.0,26.0,36.0,0.0,3.0,14.0,1.35
573,turnip-gratin,620,56.0,34.0,23.0,6.0,5.0,5.0,0.4
574,dauphinoise-potatoes,541,39.0,22.0,39.0,5.0,3.0,11.0,0.35
575,smoked-haddock-gratin-0,523,38.7,23.1,8.3,4.0,4.2,35.5,3.5
576,prosciutto-pesto-fish-gratin,406,29.0,16.0,2.0,1.0,0.0,34.0,0.82
577,next-level-dauphinoise-potatoes,670,51.0,33.0,44.0,4.0,4.0,6.0,1.1
578,courgette-bacon-brie-gratin,499,25.0,10.0,46.0,0.0,3.0,19.0,1.96
579,tuna-arrabbiata-pasta-gratin,365,5.0,1.0,54.0,11.0,9.0,30.0,0.75
580,gratin-carrots-root-vegetables,532,41.0,25.0,33.0,0.0,5.0,11.0,0.5
581,cheesy-cauliflower-bacon-gratin,817,57.0,29.0,51.0,14.0,9.0,29.0,2.12
582,oaty-fish-prawn-gratins,359,6.0,2.0,27.0,9.0,8.0,48.0,3.4
583,fennel-tomato-gratin,220,14.0,4.0,16.0,5.0,5.0,9.0,0.86
584,creamy-potato-shallot-gratin,438,37.0,21.0,24.0,4.0,2.0,5.0,0.11
585,creamy-parsnip-mustard-gratin,497,36.0,19.0,32.0,18.0,0.0,14.0,0.75
587,truffle-chicken-potato-gratin,1063,75.0,35.0,46.0,3.0,4.0,50.0,0.9
588,creamy-celery-gratin,304,24.0,11.0,17.0,3.0,0.0,7.0,0.91
589,smoked-haddock-gratin,346,13.0,7.0,35.0,4.0,4.0,20.0,1.9
590,chinese-chicken-curry,264,8.0,1.0,7.0,3.0,2.0,40.0,0.7
591,lighter-sweet-sour-pork,491,14.9,2.0,55.5,14.9,5.4,31.1,1.1
593,sea-bass-sizzled-ginger-chilli-spring-onions,202,9.0,1.0,2.0,1.0,0.0,28.0,0.26
594,chinese-poached-chicken-rice,317,20.0,5.0,4.0,3.0,3.0,30.0,1.1
595,lighter-chinese-chilli-beef,389,16.5,3.8,26.3,8.2,4.2,33.5,1.6
596,chinese-steamed-bass-cabbage,188,8.0,1.0,8.0,7.0,4.0,23.0,0.74
597,smacked-cucumber-pickles-0,52,3.0,0.0,6.0,6.0,1.0,1.0,0.3
598,thin-stemmed-broccoli-hoisin-sauce-fried-shallots,35,1.0,0.0,3.0,1.0,2.0,3.0,0.9
599,spicy-vegetable-egg-fried-rice,305,7.0,2.0,52.0,8.0,6.0,12.0,0.84
600,speedy-soy-spinach,64,5.0,0.0,2.0,1.0,1.0,2.0,1.54
601,spiced-pork-heaps-stir-fried-greens,434,12.0,2.0,46.0,0.0,4.0,38.0,0.78
602,peppers-black-beans,101,5.0,1.0,11.0,2.0,2.0,4.0,1.5
603,stir-fried-rice-cabbage-bacon,212,8.0,2.0,29.0,1.0,3.0,8.0,0.97
604,lettuce-rolls,86,3.0,1.0,13.0,4.0,4.0,4.0,0.77
606,pick-mix-noodle-plate,388,12.0,2.0,50.0,6.0,3.0,24.0,0.63
607,pork-noodle-pan-fry-sweet-spicy-sauce,423,18.0,2.0,32.0,0.0,4.0,37.0,0.87
608,veggie-peanut-noodles-coriander-omelette-ribbons,453,20.0,4.0,51.0,10.0,7.0,16.0,1.3
609,veggie-rice-pot,377,9.0,2.0,67.0,9.0,4.0,12.0,1.14
610,poached-fish-ginger-sesame,247,6.0,1.0,6.0,1.0,5.0,40.0,0.7
611,carrot-sugar-snap-salad,44,0.0,0.0,8.0,7.0,2.0,2.0,0.17
612,masala-chai,88,2.0,1.0,15.0,14.0,0.0,3.0,0.11
613,rasgulla,93,2.0,1.0,15.0,14.0,0.0,3.0,0.2
614,chicken-dopiaza,301,14.0,6.0,20.0,15.0,6.0,20.0,0.1
615,railway-lamb-curry,646,47.0,22.0,15.0,5.0,3.0,39.0,0.3
616,mushroom-bhaji,148,12.0,2.0,4.0,3.0,3.0,4.0,0.43
617,creamy-tofu-curry-with-homemade-roti,817,59.0,32.0,42.0,16.0,9.0,24.0,2.1
618,peshwari-naan,531,27.0,15.0,59.0,17.0,5.0,10.0,0.8
619,soan-papdi,233,12.0,6.0,29.0,18.0,1.0,3.0,0.0
620,bombay-potato-fishcakes,194,7.0,1.0,17.0,1.0,2.0,14.0,0.3
621,papdi-chaat,233,12.0,6.0,29.0,18.0,1.0,3.0,0.0
622,boondi-raita,123,9.0,1.0,6.0,6.0,0.1,6.0,0.5
623,kachori,304,12.0,3.0,37.0,2.0,4.0,10.0,1.0
624,spiced-squash-curry-leaf-pickle,28,0.0,0.0,6.0,6.0,0.3,0.2,0.06
625,punjabi-cauliflower-with-potatoes-aloo-gobi,334,18.0,2.0,32.0,7.0,7.0,8.0,0.1
626,khichdi,263,6.0,3.0,39.0,3.0,4.0,11.0,0.6
627,chicken-tikka,223,6.0,2.0,3.0,1.0,2.0,40.0,0.5
628,easy-pilau-rice,226,5.0,3.0,39.0,2.0,2.0,5.0,0.11
629,paratha-indian-flatbreads,236,7.0,2.0,37.0,0.3,2.0,5.0,0.5
630,kaju-katli,119,7.0,2.0,11.0,9.0,1.0,3.0,0.0
631,classic-butter-chicken,522,37.0,17.0,13.0,10.0,5.0,32.0,1.4
632,vegan-biryani,500,16.0,2.0,70.0,20.0,12.0,14.0,1.02
633,paneer-makhani,328,25.0,12.0,7.0,5.0,1.0,18.0,0.1
634,paneer-chutney-pakora,531,36.0,17.0,17.0,2.0,3.0,33.0,2.0
635,kitchari,271,6.0,3.0,40.0,4.0,4.0,13.0,0.1
636,healthy-tikka-masala,365,17.0,1.0,13.0,10.0,4.0,38.0,0.3
637,easy-peasy-lentil-curry,498,11.0,1.0,78.0,18.0,6.0,19.0,1.21
639,khatti-dhal,457,9.0,4.0,68.0,6.0,3.0,25.0,0.3
640,lahori-chanay-ki-daal,442,16.0,2.0,45.0,7.0,15.0,21.0,0.1
641,lamb-jalfrezi-cumin-rice,521,13.0,4.0,63.0,14.0,8.0,35.0,0.31
642,tarka-dhal,473,12.0,1.0,59.0,5.0,8.0,26.0,0.4
643,indian-butternut-squash-curry,423,8.0,1.0,68.0,16.0,12.0,14.0,0.51
644,indian-chickpeas-poached-eggs,412,20.0,4.0,27.0,8.0,10.0,24.0,0.3
645,chicken-shawarma-salad,366,18.0,3.0,11.0,10.0,7.0,36.0,0.3
646,cheats-black-dhal,457,25.0,15.0,33.0,6.0,12.0,17.0,1.3
647,indian-potato-pie,350,8.0,3.0,64.0,7.0,6.0,8.0,0.46
648,indian-summer-salad,79,6.0,1.0,5.0,6.0,2.0,1.0,0.35
649,indian-winter-soup,445,8.0,1.0,80.0,13.0,8.0,19.0,0.14
650,indian-bread-courgettes-coriander,257,7.0,1.0,43.0,0.0,4.0,8.0,0.01
651,indian-cucumber-salad,26,0.0,0.0,5.0,4.0,1.0,1.0,0.0
652,south-indian-fish-curry-chickpeas,535,33.0,6.0,22.0,10.0,7.0,41.0,0.9
653,indian-sweet-potato-dhal-pies,565,4.0,1.0,104.0,41.0,20.0,19.0,2.1
654,indian-bean-broccoli-carrot-salad,248,11.0,2.0,21.0,17.0,14.0,16.0,0.2
655,lighter-south-indian-fish-curry,447,11.0,6.0,56.0,15.0,3.0,30.0,0.4
657,chicken-tikka-skewers,234,4.0,1.0,9.0,8.0,2.0,40.0,0.7
658,chicken-jalfrezi,284,10.0,1.0,13.0,10.0,6.0,33.0,0.4
659,cardamom-biscuits-nan-khatai,63,4.0,2.0,5.0,2.0,0.4,1.0,0.05
661,nutty-atta-laddoo,243,17.0,6.0,17.0,5.0,1.0,5.0,0.01
663,chocolate-barfi,193,11.0,7.0,17.0,16.0,1.0,5.0,0.2
665,coconut-pastries-gujiya,236,13.0,7.0,23.0,12.0,2.0,5.0,0.13
666,boondi-laddu,254,9.0,1.0,38.0,29.0,2.0,5.0,0.0
667,cardamom-spiced-vermicelli-semiya-payasam,430,26.0,18.0,41.0,29.0,1.0,7.0,0.2
668,spiced-gram-flour-ladoo-besan-ladoo,333,21.0,10.0,28.0,13.0,3.0,7.0,0.01
669,indian-rice-pudding-kheer,414,24.0,13.0,51.0,37.0,1.0,14.0,0.4
670,punjabi-semolina-halwa-suji-halwa,414,23.0,12.0,48.0,32.0,1.0,4.0,0.01
671,pistachio-barfi,229,12.0,4.0,22.0,21.0,1.0,8.0,0.2
672,jalebi,65,3.0,0.4,8.0,5.0,0.0,0.3,0.03
673,malted-kulfi-caramel-bananas,935,63.0,34.0,74.0,68.0,3.0,16.0,1.99
674,indian-pancakes-with-saffron-rosewater-cream-malpua-rabri,460,18.0,8.0,64.0,54.0,1.0,10.0,0.4
675,kalakand,233,11.0,6.0,22.0,22.0,1.0,10.0,0.1
676,cardamom-spiced-vermicelli,430,26.0,18.0,41.0,29.0,1.0,7.0,0.2
677,irish-stew,627,30.0,14.0,44.0,11.0,0.0,49.0,2.13
678,irish-apple-tart,1024,44.0,26.0,148.0,100.0,5.0,11.0,1.89
679,guinness-chocolate-puddings,729,56.0,33.0,41.0,35.0,5.0,10.0,0.2
680,irish-whiskey-old-fashioned,104,0.0,0.0,14.0,8.0,0.0,0.0,0.02
681,soda-farls,255,1.0,0.4,52.0,4.0,3.0,8.0,1.4
682,irish-malted-bread,138,1.0,0.0,26.0,3.0,2.0,5.0,0.5
683,irish-coddled-pork-cider,717,44.0,17.0,37.0,20.0,12.0,44.0,2.59
684,rustic-oat-treacle-soda-bread,173,2.0,1.0,33.0,4.0,3.0,6.0,0.7
685,irish-soda-bread,259,4.0,2.0,45.0,3.0,4.0,8.0,0.88
686,slow-cooked-irish-stew,673,39.0,16.0,40.0,11.0,7.0,40.0,1.4
687,smoked-wild-irish-salmon-chive-pancakes,395,25.0,5.0,21.0,0.0,1.0,22.0,3.0
688,parsnip-potato-st-gall-cheese-gratin,803,58.0,37.0,42.0,12.0,7.0,14.0,0.64
689,potato-spring-onion-breakfast-pancakes,553,33.0,11.0,31.0,3.0,3.0,31.0,4.3
691,mustard-champ,0,0.0,0.0,0.0,0.0,0.0,0.0,0.0
692,potato-cakes-smoked-salmon-cream-cheese,132,9.0,6.0,8.0,0.0,1.0,3.0,0.8
693,irish-stew-0,524,23.0,11.0,45.0,0.0,6.0,37.0,1.09
694,boiled-bacon-cabbage-carrots,694,57.0,23.0,9.0,8.0,3.0,36.0,4.51
695,celeriac-champ-0,442,32.0,19.0,33.0,5.0,7.0,7.0,0.57
696,black-velvet-baby-cakes,587,41.0,21.0,52.0,36.0,2.0,5.0,0.59
697,colcannon,364,25.0,13.0,29.0,0.2,4.0,9.0,1.0
698,guinness-honey-glazed-pork-loin,725,27.0,10.0,56.0,55.0,0.0,65.0,0.4
699,smoked-haddock-colcannon,422,18.0,3.0,27.0,0.0,4.0,40.0,4.08
700,loin-bacon-colcannon-butter-sauce,905,63.0,35.0,34.0,9.0,4.0,50.0,8.5
701,caprese-salad,242,18.0,9.0,6.0,6.0,2.0,12.0,0.6
702,lasagne-soup,550,30.0,13.0,37.0,9.0,6.0,29.0,1.09
703,spaghetti-puttanesca,495,19.0,3.0,66.0,8.0,6.0,13.0,1.8
704,carbonara-arancini,277,13.0,4.0,26.0,1.0,1.0,12.0,1.01
705,quick-pizza-dough-2,656,2.0,1.0,133.0,2.0,6.0,23.0,0.5
706,lighter-chicken-cacciatore,285,10.0,2.0,7.0,6.0,2.0,34.0,0.48
707,air-fryer-garlic-bread,259,11.0,7.0,32.0,2.0,2.0,6.0,0.79
708,strawberry-panna-cotta,477,37.0,23.0,32.0,31.0,1.0,3.0,0.1
709,cacio-e-pepe,565,19.0,12.0,75.0,3.0,4.0,21.0,0.66
710,garlic-parmesan-breaded-chicken-with-quick-giardiniera,571,17.0,5.0,44.0,14.0,2.0,59.0,2.0
711,spinach-crespolini,360,13.0,6.0,34.0,17.0,9.0,22.0,0.9
712,pasta-alla-norma,517,13.0,2.0,79.0,15.0,10.0,15.0,1.7
713,alfredo-sauce,704,54.0,33.0,37.0,3.0,3.0,16.0,0.57
714,herby-lamb-fillet-caponata,483,17.0,5.0,40.0,24.0,17.0,34.0,1.4
715,aubergine-chilli-tagliolini,495,12.0,4.0,79.0,9.0,9.0,17.0,0.8
716,pizza-margherita-4-easy-steps,431,15.0,7.0,59.0,2.0,3.0,19.0,1.9
717,classic-spaghetti-bolognese,801,17.0,5.0,100.0,17.0,10.0,51.0,1.1
718,arrabbiata-sauce,76,6.0,1.0,5.0,4.0,1.0,1.0,1.24
719,italian-aubergine-traybake,431,22.0,7.0,35.0,12.0,12.0,17.0,2.4
720,blackberry-zabaglione,205,7.0,2.0,32.0,32.0,3.0,5.0,0.04
721,spaghetti-smoky-tomato-seafood-sauce,638,19.0,3.0,80.0,11.0,7.0,35.0,0.7
722,orange-polenta-cake,452,23.0,14.0,55.0,37.0,1.0,6.0,0.5
723,ricciarelli-biscuits,124,7.0,1.0,11.0,10.0,0.0,4.0,0.1
724,vanilla-panna-cotta,584,55.0,34.0,18.0,18.0,0.0,4.0,0.1
725,amaretti-sultana-cheesecake,654,49.0,30.0,42.0,34.0,1.0,7.0,1.0
726,sherry-almond-orange-pandoro,400,29.0,18.0,27.0,11.0,1.0,6.0,0.3
727,raspberry-lemon-polenta-cake,608,40.0,23.0,58.0,38.0,2.0,8.0,0.97
728,zabaglione-trifle-slice,417,27.0,13.0,36.0,20.0,1.0,4.0,0.18
729,amaretti-peaches-honey-chocolate,264,11.0,3.0,37.0,16.0,3.0,6.0,0.23
730,iced-hazelnut-zabagliones,621,53.0,22.0,27.0,27.0,0.0,6.0,0.07
731,best-ever-tiramisu,721,57.0,36.0,42.0,33.0,1.0,5.99,0.3
732,italian-cookies-ice-cream,0,0.0,0.0,0.0,0.0,0.0,0.0,0.0
733,vanilla-panna-cotta-caramelised-orange,819,65.0,36.0,52.0,52.0,1.0,6.0,0.13
734,cannoli,229,15.0,7.0,18.0,7.0,1.0,5.0,0.3
735,tiramisu-ice-cream-cake,578,40.0,24.0,48.0,41.0,1.0,4.0,0.21
736,torta-del-nonna,797,41.0,20.0,91.0,60.0,3.0,16.0,0.2
737,strawberry-parfait-vin-santo-mascarpone-biscotti,660,48.0,28.0,52.0,18.0,1.0,5.0,0.58
738,peach-almond-tart-0,998,72.0,28.0,73.0,47.0,5.0,18.0,1.1
739,mango-sgroppino,165,0.2,0.0,20.0,19.0,0.6,0.4,0.03
740,tonka-bean-panna-cotta-roasted-rhubarb,518,42.0,26.0,29.0,29.0,1.0,4.0,0.1
742,chocolate-pistachio-nougat-semifreddo,490,37.0,20.0,34.0,34.0,1.0,6.0,0.1
743,plum-amaretti-semifreddo,435,22.0,13.0,55.0,54.0,2.0,3.0,0.1
744,affogato-al-caffe-vanilla-ice-cream-coffee,107,6.0,4.0,11.0,11.0,0.0,2.0,0.1
745,strawberry-mint-granita,135,0.0,0.0,31.0,31.0,2.0,1.0,0.0
746,ultimate-spaghetti-carbonara-recipe,656,30.03,15.0,66.0,4.0,4.0,29.0,1.65
747,marinara-sauce,71,4.0,0.5,7.0,6.0,2.0,2.0,0.02
749,caponata-pasta,542,14.0,2.0,85.0,21.0,9.0,14.0,0.5
750,air-fryer-meatballs,82,6.0,2.0,2.0,0.4,0.3,6.0,0.18
752,nduja-spring-greens-pasta,704,27.0,6.0,88.0,8.0,12.0,22.0,1.0
754,classic-lasagne-0,580,32.0,14.0,31.0,8.0,3.0,44.0,1.71
756,best-spaghetti-bolognese-recipe,624,25.0,10.0,58.0,12.0,6.0,35.0,1.6
757,fettucine-alfredo,898,67.0,41.0,49.0,4.0,3.0,23.0,0.8
758,spaghetti-aglio-e-olio,523,18.0,3.0,75.0,3.0,5.0,13.0,0.02
759,penne-arrabbiata-aubergine,500,12.0,3.0,73.0,18.0,12.0,19.0,0.35
761,hand-cut-pappardelle,478,11.0,4.0,73.0,1.0,4.0,20.0,0.3
762,orecchiette-cavolo-nero-anchovies-pangrattato,444,12.0,2.0,68.0,3.0,4.0,13.0,1.3
763,spaghetti-genovese,330,23.0,9.0,8.0,7.0,0.0,23.0,0.5
764,pasta-con-il-pesto-alla-trapanese-tomato-and-almond-pesto,616,27.0,4.0,81.0,0.0,5.0,17.0,0.42
765,pasta-e-fagioli-2,310,6.0,1.0,47.0,10.0,13.0,11.0,0.7
766,sicilian-aubergine-pine-nut-raisin-fusilli,636,23.0,3.0,96.0,21.0,9.0,18.0,0.56
767,homemade-ravioli,564,27.0,13.0,60.0,2.0,4.0,20.0,0.54
768,spaghetti-meatballs,888,35.0,12.0,95.0,13.0,8.0,44.0,1.06
769,challah,147,4.0,1.0,22.0,4.0,1.0,4.0,0.62
770,pastrami-sandwich,867,57.0,23.0,51.0,4.0,9.0,32.0,4.62
771,cheese-onion-rugelach,137,10.0,6.0,9.0,2.0,0.3,3.0,0.16
772,lokshen-pudding,668,30.0,18.0,88.0,24.0,5.0,9.0,0.1
773,jam-doughnut-pancakes,320,11.0,6.0,47.0,15.0,2.0,8.0,0.9
774,cinnamon-balls,100,6.0,1.0,7.0,7.0,0.1,3.0,0.04
775,pomegranate-brisket,612,34.0,10.0,19.0,16.0,3.0,56.0,1.4
776,passover-chicken-soup-with-horseradish-dill-matzo-balls,422,22.0,6.0,29.0,8.0,3.0,26.0,1.6
777,matzo-granola-with-coconut-cashew-cranberry,187,12.0,2.0,14.0,8.0,1.0,4.0,0.1
778,strawberry-halva-hamantaschen,166,10.0,5.0,16.0,7.0,1.0,3.0,0.04
779,cinnamon-date-honey-pistachio-babka-buns,497,16.0,6.0,74.0,44.0,5.0,12.0,0.34
780,potato-celeriac-kugel,216,12.0,1.0,19.0,4.0,6.0,4.0,1.0
781,raspberry-white-chocolate-rugelach,107,7.0,4.0,10.0,6.0,0.2,1.0,0.2
782,jewish-honey-cake,310,13.0,2.0,44.0,24.0,1.0,4.0,0.3
783,ashkenazi-charoset,246,18.0,2.0,14.0,13.0,2.0,5.0,0.01
784,zaatar-herb-potato-latkes,99,7.0,1.0,8.0,1.0,1.0,2.0,0.24
785,chewy-almond-macaroon-biscuits,87,5.0,0.4,8.0,8.0,0.2,3.0,0.02
786,cinnamon-raisin-walnut-rugelach,80,5.0,3.0,8.0,4.0,0.3,1.0,0.12
787,sephardi-charoset,188,6.0,0.0,25.0,24.0,2.0,4.0,0.05
788,hanukkah-biscuits,198,8.0,2.0,29.0,1.0,1.0,5.0,0.6
789,korean-fried-chicken,487,24.0,4.0,48.0,35.0,1.0,20.0,1.8
790,korean-corndogs,578,12.0,3.0,103.0,31.0,3.0,14.0,1.54
791,tteokbokki-spicy-rice-cakes,694,7.0,1.0,139.0,26.0,7.0,16.0,3.02
792,korean-hotdog,536,36.0,7.0,38.0,6.0,2.0,15.0,2.5
793,spicy-kimchi-pancake-kimchi-jeon,692,35.0,3.0,82.0,4.0,6.0,10.0,3.42
794,korean-clam-broth-jogaetang,61,1.0,0.0,3.0,1.0,1.0,9.0,1.0
795,korean-bibimbap,587,25.0,5.0,61.0,12.0,6.0,26.0,1.79
796,sticky-korean-chicken-drumsticks,214,9.0,2.0,9.0,7.0,1.0,25.0,1.1
797,hwachae-korean-watermelon-punch,258,1.0,0.3,56.0,49.0,4.0,4.0,0.02
798,korean-fried-chicken-burgers,415,20.0,4.0,38.0,35.0,2.0,19.0,1.8
799,korean-style-fried-rice,530,25.0,7.0,41.0,3.0,3.0,38.0,1.9
800,kimbap,308,11.0,2.0,38.0,3.0,5.0,11.0,1.53
801,quick-easy-korean-pork,456,25.0,7.0,32.0,28.0,5.0,25.0,2.3
802,korean-bbq-sauce,19,0.3,0.0,4.0,4.0,0.2,0.2,0.15
803,korean-bbq-wings,344,17.0,4.0,25.0,24.0,0.0,24.0,1.9
804,korean-crusted-roast-lamb,470,28.0,12.0,4.0,3.0,1.0,50.0,1.6
805,stir-fried-korean-beef,470,27.0,8.0,17.0,5.0,6.0,40.0,1.8
806,korean-rice-pot,537,17.0,4.0,60.0,5.0,3.0,39.0,1.33
807,korean-beef-bulgogi-skewers,41,1.0,0.0,4.0,3.0,0.0,3.0,0.4
808,korean-chicken-wings-sesame-slaw,472,24.0,6.0,25.0,22.0,6.0,36.0,2.3
809,korean-fishcakes-fried-eggs-spicy-salsa,451,27.0,4.0,15.0,7.0,4.0,35.0,1.0
810,ssamjang,136,7.0,1.0,14.0,7.0,2.0,4.0,2.1
811,kimchi-jjigae,452,31.0,9.0,10.0,7.0,4.0,31.0,3.69
812,japchae-stir-fried-noodles,503,30.0,4.0,41.0,10.0,3.0,15.0,3.05
814,phat-thai,750,30.0,5.0,94.0,9.0,5.0,31.0,2.73
815,10-minute-pad-thai,494,10.0,2.0,69.0,9.0,4.0,37.0,2.91
816,super-fast-pad-thai,405,14.0,3.0,51.0,7.0,4.0,23.0,2.7
817,chicken-pad-thai,1004,45.0,7.0,87.0,24.0,6.0,60.0,5.73
818,spicy-thai-prawn-noodles,385,11.0,2.0,42.0,1.0,1.0,34.0,2.8
819,tofu-asparagus-pad-thai,321,8.0,1.0,53.0,8.0,3.0,12.0,0.74
820,pad-thai,359,8.0,1.0,57.0,5.0,1.0,19.0,3.17
821,boxing-day-sprout-pad-thai,248,15.0,2.0,21.0,6.0,4.0,5.0,0.7
822,leftover-roast-chicken-pad-thai,861,43.0,9.0,74.0,29.0,4.0,42.0,7.5
824,vegetable-phat-thai,239,8.0,1.0,36.0,7.0,2.0,8.0,2.06
826,peanut-chicken-noodles,407,9.0,2.0,59.0,7.0,2.0,27.0,3.59
829,simple-sushi,390,9.0,1.0,70.0,11.0,4.0,8.0,0.5
830,sushi-rice,432,1.0,0.0,99.0,26.0,3.0,6.0,3.7
832,easy-salmon-sushi-rice-bowl,713,27.0,5.0,73.0,10.0,7.0,41.0,1.25
833,classic-california-roll,176,8.0,2.0,11.0,0.2,2.0,13.0,0.67
834,salmon-sushi-salad,862,43.0,7.0,87.0,9.0,9.0,27.0,2.5
836,chicken-onigiri,303,16.0,2.0,29.0,3.0,1.0,11.0,0.7
837,salmon-cucumber-sushi-rolls,59,1.0,0.0,10.0,3.0,0.0,3.0,0.2
839,sushi-rice-bowl-beef-egg-chilli-sauce,621,23.0,5.0,63.0,8.0,2.0,41.0,3.2
840,smoked-mackerel-maki-rolls,218,6.0,1.0,30.0,2.0,3.0,9.0,0.6
841,beetroot-avocado-nori-rolls-wasabi-dipping-sauce,32,2.0,1.0,1.0,1.0,1.0,1.0,0.3
843,kotlet-lamb-potato-patties,118,7.0,2.0,7.0,1.0,1.0,7.0,0.18
844,kuku-sabzi-herb-frittata-with-barberries,188,15.0,3.0,2.0,2.0,2.0,11.0,0.73
845,maast-o-khiar-yogurt-with-cucumber,145,9.0,6.0,10.0,10.0,1.0,6.0,0.16
846,salad-shirazi-tomato-cucumber-red-onion-salad,95,5.0,1.0,10.0,9.0,3.0,2.0,0.02
847,mahi-ba-zafferan-saffron-lemon-roasted-cod,148,3.0,1.0,1.0,1.0,0.2,28.0,0.49
848,sabzi-polo-aromatic-herb-rice,391,12.0,7.0,62.0,1.0,2.0,8.0,0.46
849,zoolbia-lacy-saffron-fritters,124,7.0,1.0,12.0,3.0,1.0,2.0,0.01
850,reshteh-polow-toasted-vermicelli-rice,447,18.0,8.0,62.0,3.0,3.0,9.0,0.56
851,rose-falooda,321,12.0,6.0,43.0,35.0,2.0,10.0,0.3
852,cheeky-chicken-satay,117,6.0,3.0,4.0,3.0,1.0,12.0,0.3
853,satay-sauce,158,13.0,7.0,5.0,4.0,2.0,4.0,0.6
854,satay-shots,89,6.0,1.0,3.0,2.0,1.0,6.0,0.53
855,pork-satay,438,26.0,7.0,15.0,12.0,3.0,34.0,1.8
856,satay-sweet-potato-curry,387,25.0,18.0,32.0,15.0,7.0,6.0,0.6
857,nutty-chicken-sate-strips,276,10.0,2.0,3.0,2.0,2.0,41.0,0.7
858,chicken-satay-salad,353,10.0,2.0,24.0,21.0,7.0,38.0,1.6
859,thai-satay-stir-fry,286,14.0,2.0,34.0,6.0,5.0,10.0,2.29
860,balinese-chicken-satay,129,5.0,2.0,2.0,0.0,0.0,19.0,0.17
861,satay-chicken-pieces,302,17.0,10.0,3.0,2.0,0.0,34.0,0.4
862,satay-noodle-soup,708,41.0,20.0,60.0,18.0,12.0,18.0,2.4
863,satay-grilled-aubergine,349,22.0,5.0,26.0,22.0,12.0,11.0,2.8
864,chicken-skewers-satay-dip,42,2.0,1.0,1.0,1.0,0.0,4.0,0.36
865,duck-satay-peanut-sauce,125,8.0,2.0,3.0,2.0,1.0,9.0,0.63
866,satay-chicken-mango-wraps,534,21.0,11.0,44.0,20.0,4.0,40.0,1.7
867,thai-satay-prawns,594,24.0,7.0,55.0,5.0,10.0,35.0,1.7
868,satay-chicken-noodle-soup-squash,1091,59.0,35.0,99.0,15.0,9.0,37.0,3.3
869,spicy-satay-wings-peanut-sauce,405,25.0,7.0,16.0,14.0,1.0,30.0,1.4
870,satay-cauliflower-chickpea-curry-storecupboard-flatbreads,747,44.0,22.0,57.0,11.0,13.0,23.0,1.9
871,sticky-teriyaki-chicken-peanut-satay-slaw,530,34.0,7.0,27.0,23.0,7.0,26.0,3.8
872,patatas-bravas-meatballs,626,29.0,6.0,59.0,11.0,9.0,29.0,0.8
873,stuffed-peppadews,31,0.0,0.0,5.0,4.0,1.0,1.0,0.2
874,warm-kale-salad-almonds-serrano-ham,320,20.0,3.0,21.0,15.0,1.0,13.0,1.6
876,seafood-paella,384,6.0,1.0,54.0,5.0,5.0,26.0,1.5
877,ham-cheese-croquetas,141,8.0,3.0,13.0,6.0,1.0,4.0,0.3
878,spanish-omelette,308,15.2,5.0,24.8,4.8,3.8,17.7,0.6
879,seared-beef-grilled-pepper-caper-berry,99,6.0,2.0,1.0,0.0,0.0,11.0,0.5
880,spanish-skewers,54,4.0,2.0,3.0,1.0,1.0,2.0,0.1
881,andalusian-style-chicken,236,11.0,1.0,11.0,10.0,1.0,23.0,0.5
882,ham-croquetas,99,6.0,1.0,9.0,1.0,0.0,3.0,0.3
884,pancetta-date-chorizo-meatballs,700,33.0,12.0,64.0,21.0,7.0,34.0,4.1
885,citrus-fennel-marinated-olives,193,19.0,3.0,3.0,0.0,2.0,1.0,1.2
886,simmered-squid,352,8.0,2.0,12.0,7.0,2.0,41.0,0.8
887,clams-sherry-serrano-ham,153,5.0,1.0,5.0,2.0,1.0,15.0,1.8
888,parsley-omelette-olive-ricotta,220,18.0,5.0,2.0,2.0,1.0,10.0,0.6
889,baby-potatoes-sea-salt-herb-salsa,259,17.0,2.0,22.0,2.0,3.0,2.0,3.9
890,crispy-squid-capers,287,18.0,3.0,22.0,1.0,1.0,11.0,0.58
891,ham-peach-nibbles,21,1.0,0.0,1.0,1.0,0.0,2.0,0.3
892,spanish-tomato-salad,406,31.0,9.0,13.0,12.0,5.0,18.0,1.4
893,stuffed-grilled-vegetable-bites,119,9.0,3.0,3.0,2.0,2.0,5.0,0.1
894,warm-chickpea-chorizo-pepper-salad,629,45.0,11.0,30.0,0.0,7.0,29.0,3.61
895,sauteed-chorizo-red-wine,441,32.0,12.0,11.0,10.0,1.0,23.0,1.8
896,greek-bouyiourdi,243,21.0,8.0,4.0,4.0,1.0,8.0,1.3
900,spring-greens-spanakopita,430,30.0,16.0,22.0,3.0,5.0,15.0,1.0
901,leek-globe-artichoke-pie,440,27.0,13.0,30.0,5.0,15.0,15.0,1.0
904,lighter-spanakopita,274,15.0,5.0,22.0,4.0,4.0,12.0,1.4
906,pitta-bread,246,2.0,0.4,47.0,0.3,2.0,8.0,1.0
915,simple-mushroom-curry,302,24.0,10.0,12.0,10.0,4.0,7.0,0.12
917,dum-aloo,247,13.0,5.0,23.0,7.0,4.0,7.0,0.22
918,squash-cabbage-sabzi,99,6.0,1.0,7.0,4.0,3.0,2.0,1.3
921,bombay-potatoes,268,9.0,1.0,37.0,9.0,6.0,6.0,0.05
924,baked-veggie-korma,477,34.0,12.0,23.0,10.0,9.0,16.0,1.7
925,carrot-biriyani,358,15.0,3.0,42.0,8.0,7.0,10.0,1.0
928,matar-paneer,544,35.0,18.0,18.0,14.0,8.0,35.0,0.1
929,mexican-beans-avocado-toast,368,19.0,3.0,30.0,6.0,13.0,12.0,0.9
933,mexican-corn-salsa,44,1.0,0.1,7.0,4.0,2.0,1.0,0.01
935,mexican-potato-wedges,370,7.0,1.0,55.0,0.0,12.0,25.0,2.58
936,black-bean-tortilla-soup,169,4.0,1.0,21.0,7.0,8.0,8.0,0.5
937,mexican-hot-chocolate,276,11.0,7.0,32.0,30.0,2.0,10.0,0.5
939,mexican-bean-salad,430,29.0,3.0,25.0,6.0,10.0,20.0,1.61
940,mexican-eggy-bread,829,39.0,13.0,76.0,9.0,8.0,40.0,2.6
941,baja-avocado-tacos-chipotle-cream-pickled-slaw,574,34.0,17.0,50.0,10.0,8.0,10.0,1.1
942,mexican-chilli-bean-tortilla,354,15.0,6.0,47.0,8.0,6.0,11.0,2.44
943,mexican-veggie-hash,671,46.0,14.0,47.0,4.0,12.0,18.0,0.5
944,tomato-burrito-rice,288,4.0,1.0,53.0,7.0,4.0,7.0,0.1
945,mexican-rice-bean-salad,326,10.0,2.0,44.0,4.0,6.0,11.0,0.0
946,mexican-bean-soup-guacamole,391,15.0,3.0,38.0,18.0,20.0,15.0,0.46
948,butternut-chilli,370,16.0,6.0,33.0,16.0,11.0,10.0,1.7
949,spicy-black-bean-tacos,640,24.0,5.0,74.0,12.0,18.0,21.0,2.7
950,classic-guacamole,155,14.0,3.0,3.0,2.0,4.0,2.0,0.1
955,mexican-penne-avocado,495,15.0,3.0,65.0,26.0,18.0,15.0,0.4
958,mushroom-tacos,520,20.0,3.0,51.0,6.0,14.0,28.0,0.48
959,chipotle-chicken,286,11.0,3.0,6.0,4.0,2.0,42.0,0.64
960,chicken-sweetcorn-tacos,382,8.0,1.0,45.0,5.0,7.0,30.0,0.4
961,chargrilled-vegetable-tacos-smoky-salsa,351,6.0,1.8,56.0,20.0,15.0,12.0,0.2
962,vegan-burrito-bowl,547,18.0,3.0,75.0,11.0,14.0,14.0,0.38
963,cajun-prawn-charred-corn-salad,435,28.0,5.0,21.0,14.0,14.0,18.0,1.1
964,mixed-bean-chilli-wedges,353,8.0,2.0,57.0,12.0,12.0,16.0,0.35
965,barbecued-chicken-fajita-skewers,365,18.0,4.0,14.0,11.0,8.0,34.0,0.2
966,black-eye-bean-mole-salsa,290,5.0,1.0,39.0,16.0,15.0,14.0,0.3
971,grilled-salmon-tacos-chipotle-lime-yogurt,297,15.0,3.0,8.0,7.0,5.0,33.0,1.5
973,spiced-black-bean-chicken-soup-kale,293,11.0,2.0,15.0,3.0,6.0,26.0,1.0
975,spicy-seafood-stew-tomatoes-lime,347,6.0,1.0,28.0,7.0,4.0,44.0,1.1
976,onion-bhajis-raita,86,5.0,1.0,7.0,2.0,1.0,3.0,0.3
977,red-onion-chilli-bhajis-mint-garlic-raita,102,7.0,1.0,7.0,2.0,1.0,3.0,0.09
978,onion-bhaji-yorkshire-puddings,77,4.0,1.0,8.0,1.0,1.0,2.0,0.1
979,bhaji-burger,595,34.0,11.0,36.0,8.0,4.0,34.0,1.9
980,onion-bhaji-fish-chips,840,24.0,3.0,105.0,5.0,11.0,40.0,1.3
981,onion-butternut-bhajis-rotis-mango-raita-mint-salad,328,11.0,2.0,50.0,10.0,4.0,8.0,0.7
982,baked-carrot-nigella-seed-bhajis-raita,70,3.0,1.0,7.0,2.0,2.0,4.0,0.1
983,roast-cod-curried-cauli-ower-puree-onion-bhaji,606,34.0,13.0,32.0,14.0,6.0,40.0,0.6
985,ultimate-makeover-french-onion-soup,405,19.0,5.0,44.0,18.0,4.0,12.0,1.0
986,british-onion-soup,451,21.0,12.0,51.0,22.0,6.0,15.0,1.75
987,onion-soup-herby-garlic-cheese-bread,413,14.0,8.0,55.0,16.0,4.0,20.0,2.12
988,roasted-onion-soup-goats-cheese-toasts,454,18.0,5.0,62.0,16.0,6.0,15.0,2.33
989,caramelised-onion-barley-soup-cheese-croutons,434,15.0,5.0,59.0,13.0,6.0,15.0,1.4
990,cider-onion-soup-cheese-apple-toasts,523,31.0,19.0,40.0,16.0,6.0,14.0,2.3
991,potato-rosti-cakes-sage-leaves,366,20.0,3.0,37.0,2.0,4.0,8.0,0.3
992,oven-baked-rosti-cake,352,17.0,6.0,44.0,2.0,3.0,8.0,0.6
993,parsnip-rosti-with-harissa-feta-caramelised-red-onions,749,52.0,29.0,49.0,22.0,11.0,16.0,2.1
994,rosti-topped-fish-pie,533,26.0,15.0,45.0,10.0,4.0,34.0,1.23
995,rosti-bolognese-pie,343,15.7,6.0,27.5,1.5,3.9,25.0,0.98
996,goats-cheese-bacon-rosti,438,17.0,9.0,55.0,0.0,5.0,19.0,1.72
997,marys-prawn-corn-rosti,295,5.0,2.0,48.0,0.0,4.0,18.0,0.84
998,potato-parsnip-horseradish-baked-rosti,162,8.0,4.0,20.0,0.0,4.0,3.0,0.36
999,swede-potato-rosti-topped-shepherds-pie,542,31.0,15.0,35.0,15.0,7.0,31.0,0.7
1000,sprout-black-pudding-apple-rostis,553,39.0,7.0,31.0,11.0,4.0,17.0,1.3
1001,crisp-potato-cake,270,16.0,8.0,30.0,1.0,2.0,4.0,0.25
1002,rosti-fish-cakes,430,27.0,4.0,28.0,4.0,7.0,19.0,1.3
1003,big-breakfast-courgette-potato-rosti,277,14.0,4.0,25.0,2.0,3.0,13.0,0.3
1004,crispy-neeps-n-tatties-cake,267,14.0,6.0,31.0,8.0,5.0,6.0,0.75
1005,raggmunk,263,10.0,2.0,33.0,9.0,5.0,8.0,0.2
1006,cottage-pie-cakes,426,25.0,7.0,31.0,2.0,3.0,23.0,1.22
1007,iraqi-lamb-kofta-kebabs,327,26.0,11.0,4.0,3.0,4.0,17.0,1.3
1008,lamb-harissa-cauliflower-shepherds-pie,578,34.0,15.0,32.0,12.0,8.0,33.0,1.01
1009,air-fryer-harissa-sausage-veg-traybake,574,37.0,10.0,32.0,16.0,11.0,23.0,2.2
1010,spiced-harissa-lamb-pasties,248,15.0,7.0,22.0,1.0,2.0,6.0,0.7
1011,spicy-harissa-aubergine-pie,430,13.0,4.0,57.0,25.0,15.0,12.0,1.6
1012,spicy-harissa-bean-stew,340,14.0,1.0,34.0,12.0,13.0,14.0,0.7
1013,harissa-broccoli-flatbreads,533,25.0,7.0,49.0,14.0,5.0,26.0,1.1
1014,roast-aubergines-yogurt-harissa,361,30.0,16.0,11.0,10.0,10.0,7.0,0.5
1015,smoky-sausage-squash-traybake,530,34.0,10.0,34.0,25.0,8.0,18.0,1.5
1016,harissa-oil,0,0.0,0.0,0.0,0.0,0.0,0.0,0.0
1017,harissa-beef-tomato-bulgur,603,20.0,4.0,69.0,15.0,13.0,30.0,0.8
1018,harissa-couscous,195,4.0,1.0,32.0,2.0,2.0,6.0,0.13
1019,harissa-chicken-traybake-0,303,9.0,2.0,21.0,15.0,4.0,36.0,0.5
1020,harissa-fish-pie,539,20.0,5.0,52.0,27.0,9.0,34.0,1.1
1021,mackerel-orange-harissa-glaze,671,53.0,8.0,16.0,0.0,1.0,34.0,0.29
1022,slow-cooked-harissa-lamb,716,43.0,13.0,24.0,16.0,10.0,53.0,1.4
1023,spicy-harissa-chicken-lentils,440,13.0,3.0,36.0,11.0,10.0,39.0,1.3
1024,harissa-chicken-traybake,619,40.0,10.0,18.0,5.0,4.0,43.0,1.1
1025,chicken-harissa-tomatoes,184,4.0,1.0,2.0,2.0,1.0,34.0,0.41
1026,harissa-chicken-chickpea-salad,313,5.0,1.0,25.0,6.0,7.0,44.0,1.06
1027,aubergine-halloumi-harissa-skillet-bake,546,39.0,20.0,15.0,14.0,7.0,31.0,3.5
1028,harissa-sticky-chicken-couscous,721,32.0,9.0,64.0,17.0,7.0,41.0,0.5
1030,matcha-miso-pancakes,594,30.0,17.0,66.0,26.0,2.0,13.0,1.62
1031,miso-ginger-prawn-noodle-salad,409,10.0,1.0,50.0,9.0,6.0,26.0,4.1
1032,miso-butternut-squash-ramen,544,19.0,4.0,63.0,8.0,12.0,14.0,1.7
1033,miso-aubergines,390,12.0,1.0,51.0,8.0,11.0,18.0,2.3
1034,tahini-miso-noodles-with-crispy-broccoli-sausages,584,29.0,7.0,45.0,12.0,15.0,29.0,2.6
1036,miso-marinated-salmon,239,13.0,2.0,9.0,5.0,1.0,22.0,0.82
1037,miso-beansprout-rolls,416,20.0,4.0,33.0,9.0,7.0,23.0,1.0
1038,miso-glazed-roast-ham,552,32.0,12.0,15.0,14.0,0.0,49.0,1.0
1039,miso-caramel-chicken-wings,386,22.0,7.0,22.0,19.0,1.0,24.0,1.7
1040,miso-chicken-rice-soup,274,2.0,1.0,21.0,10.0,4.0,40.0,3.1
1041,miso-spinach-toast,186,10.0,5.0,16.0,3.0,2.0,7.0,2.0
1042,miso-noodles-fried-eggs,509,19.0,3.0,52.0,10.0,13.0,25.0,1.3
1043,miso-salmon-ginger-noodles,516,19.0,3.0,45.0,6.0,8.0,36.0,0.8
1044,grilled-miso-salmon-rice-noodles,566,28.0,4.0,43.0,2.0,1.0,33.0,1.6
1045,miso-burgers-mint-pomegranate-slaw,442,10.0,1.0,58.0,23.0,21.0,19.0,1.2
1046,miso-roasted-tofu-sweet-potato,628,24.0,4.8,72.0,41.0,12.0,25.0,1.5
1047,saucy-miso-mushrooms-udon-noodles,262,7.0,1.0,38.0,8.0,5.0,10.0,3.4
1048,sweetcorn-pancetta-orzotto,811,32.0,12.0,87.0,7.0,10.0,30.0,2.0
1049,miso-broccoli-egg-quinoa-salad,367,12.0,2.0,36.0,7.0,11.0,23.0,1.2
1050,miso-brown-rice-chicken-salad,419,7.0,1.0,53.0,4.0,5.0,39.0,0.76
1051,miso-brown-rice-broccoli-salad-fiery-prawns,304,8.0,1.0,35.0,6.0,5.0,21.0,0.6
1052,miso-roast-salmon-lentil-pomegranate-salad,503,20.0,4.1,27.0,11.0,10.0,47.0,0.6
1053,tamarind-aubergine-black-rice-mint-feta,355,10.0,4.0,46.0,11.0,11.0,16.0,2.3
1054,julies-kari-ikan-malaysian-fish-curry,366,20.0,9.0,13.0,9.0,8.0,28.0,0.4
1055,tamarind-prawn-curry,403,9.0,1.0,56.0,17.0,5.0,21.0,1.4
1056,apple-date-tamarind-chutney,22,0.1,0.0,5.0,5.0,0.3,0.1,0.1
1058,quick-chickpea-chard-tamarind-curry,448,12.0,5.0,67.0,6.0,7.0,14.0,1.5
1059,tamarind-squash-halloumi-skewers,436,30.0,13.0,23.0,17.0,3.0,17.0,2.9
1060,nasi-lemak,915,33.0,11.0,113.0,9.0,4.0,39.0,5.6
1061,sweet-potato-corn-cakes-with-tamarind-bacon-avocado,644,30.0,7.0,70.0,17.0,14.0,17.0,1.5
1062,spicy-tamarind-prawns,371,20.0,2.0,8.0,7.0,0.0,17.0,0.5
1063,seared-beef-papaya-salad-tamarind-soy-dressing,406,10.0,4.0,43.0,37.0,4.0,35.0,1.8
1064,tomato-tamarind-fish-curry,224,7.0,1.0,11.0,9.0,4.0,31.0,0.6
1065,sticky-tamarind-tomato-spinach-whirl,424,27.0,15.0,27.0,8.0,4.0,16.0,1.8
1066,tamarind-chickpeas,334,11.0,1.0,45.0,5.0,9.0,16.0,1.34
1067,new-potato-tamarind-salad,196,1.0,0.0,42.0,15.0,3.0,5.0,0.1
1068,coconut-tamarind-chicken-curry,466,24.0,8.0,24.0,20.0,2.0,40.0,1.1
1069,tamarind-chicken-golden-mash,394,3.0,1.0,53.0,10.0,3.0,41.0,0.7
1072,indian-spiced-salmon,520,36.0,9.0,7.0,6.0,1.0,41.0,0.9
1073,crab-curry,499,38.0,14.0,14.0,12.0,7.0,23.0,1.1
1074,cauliflower-tomato-curry,307,15.0,7.0,30.0,27.0,8.0,9.0,0.2
1075,ayam-kapitan-captains-curry,709,55.0,19.0,20.0,15.0,2.0,33.0,2.5
1076,singapore-noodles-0,293,6.0,1.0,32.0,7.0,4.0,27.0,1.7
1078,chicken-chashu-shoyu-ramen,375,10.0,3.0,36.0,15.0,3.0,32.0,7.64
1079,peking-style-noodles,435,18.0,4.0,47.0,2.0,0.0,23.0,3.77
1080,turkey-lemongrass-curry-noodle-soup,919,57.0,33.0,53.0,8.0,6.0,45.0,2.82
1081,spicy-tofu-tahini-noodle-salad,615,30.0,4.0,62.0,11.0,9.0,19.0,0.9
1082,golden-syrup-broccoli-noodles,418,16.0,3.0,54.0,21.0,8.0,11.0,2.55
1087,spicy-rice-noodle-salad-with-smoked-mackerel,617,23.0,4.0,70.0,15.0,8.0,29.0,1.8
1088,superhealthy-singapore-noodles,362,9.0,1.0,33.0,5.0,6.0,40.0,1.39
1089,golden-noodle-soup-with-soft-boiled-eggs,714,29.0,15.0,83.0,11.0,7.0,26.0,2.7
1090,thai-pesto-prawn-noodles,418,18.0,3.0,40.0,2.0,2.0,24.0,1.1
1091,spicy-mushroom-broccoli-noodles,624,14.0,2.0,105.0,17.0,8.0,25.0,2.35
1092,vermicelli-noodle-beef-salad,583,20.0,5.0,66.0,25.0,7.0,32.0,4.2
1093,roast-broccoli-sesame-ramen-noodle-bowls,807,34.0,6.0,85.0,8.0,14.0,32.0,1.7
1094,garlic-chilli-prawns-sesame-noodles,430,13.0,3.0,51.0,9.0,5.0,28.0,1.5
1095,chow-mein,391,15.0,3.0,42.0,4.0,4.0,18.0,2.32
1096,peanut-herb-noodle-salad,504,23.0,3.0,48.0,9.0,10.0,20.0,1.6
1097,kimchi-sesame-udon-noodles,408,18.0,4.0,36.0,9.0,10.0,21.0,1.7
1101,vegan-ramen,556,19.0,3.0,69.0,9.0,9.0,22.0,3.92
1102,cheats-chicken-ramen,255,5.0,2.0,20.0,2.0,4.0,30.0,2.4
1103,turkey-ramen,656,16.0,4.0,64.0,6.0,7.0,61.0,6.5
1104,vegetarian-ramen,205,7.0,2.0,21.0,4.0,4.0,11.0,0.4
1106,curried-brisket-ramen,741,35.0,17.0,60.0,12.0,10.0,41.0,1.6
1107,ramen-chicken-bone-broth-pork-shoulder-soft-boiled-egg-greens,798,32.0,10.0,51.0,4.0,4.0,71.0,6.0
1109,teriyaki-noodle-broth,124,2.0,0.0,21.0,0.0,2.0,6.0,2.6
1111,vegetable-samosas,105,7.0,1.0,10.0,1.0,1.0,1.0,0.43
1112,apple-pie-samosas,196,3.0,1.0,42.0,31.0,2.0,2.0,0.58
1113,mincemeat-samosas,126,3.0,2.0,20.0,12.0,1.0,2.0,0.2
1114,spinach-sweet-potato-samosas,650,13.0,2.0,108.0,36.0,15.0,17.0,1.5
1115,runner-bean-samosas,275,12.0,1.0,34.0,5.0,4.0,6.0,0.5
1116,samosa-pie,308,9.0,2.0,43.0,14.0,8.0,9.0,0.4
1117,potato-and-pea-samosas,243,9.0,1.0,35.0,2.0,3.0,5.0,0.02
1118,feta-sweetcorn-samosas,131,8.0,3.0,12.0,2.0,1.0,4.0,0.6
1119,lamb-tikka-samosas,438,30.0,7.0,25.0,8.0,3.0,18.0,0.7
1120,jumbo-turkey-samosas,555,22.0,3.0,53.0,8.0,6.0,33.0,1.4
1121,chicken-almond-pastillas,359,20.0,6.0,21.0,9.0,3.0,23.0,0.6
1122,sweet-potato-pea-puffs,160,9.0,4.0,16.0,2.0,2.0,3.0,0.6
1123,filo-triangles-artichoke-feta-and-mint,86,5.3,3.2,7.7,0.0,0.2,2.3,0.68
1125,prawn-pink-grapefruit-noodle-salad,228,1.0,0.0,38.0,6.0,2.0,13.0,1.6
1132,noodle-salad-with-lemongrass-pork-patties,316,12.0,4.0,30.0,12.0,3.0,19.0,1.85
1135,zesty-rice-noodle-salad,392,4.0,2.0,67.0,18.0,3.0,25.0,0.94
1138,singapore-noodles-tofu,391,15.0,9.0,57.0,11.0,4.0,12.0,0.99
1140,crispy-asian-salmon-stir-fried-noodles-pak-choi-sugar-snap-peas,444,17.0,3.0,43.0,8.0,4.0,27.0,1.5
1141,minced-soy-pork-rice-noodles,569,15.0,3.0,64.0,6.0,7.0,40.0,3.44
1142,asian-pork-rice-noodle-salad,500,19.0,7.0,46.0,1.0,2.0,38.0,2.48
1145,prawn-rice-noodle-stir-fry,303,4.0,1.0,45.0,4.0,4.0,20.0,1.1
1146,rice-noodles-sundried-tomatoes-parmesan-basil,329,10.0,2.0,55.0,2.0,2.0,7.0,0.89
1147,easy-paella,457,9.0,1.0,66.0,7.0,4.0,31.0,1.79
1149,paella-mixta,733,33.0,9.0,64.0,8.0,5.0,42.0,3.2
1150,vegetable-paella,415,7.0,1.0,70.0,12.0,11.0,11.0,1.86
1151,vegan-paella,396,8.0,1.0,58.0,12.0,15.0,15.0,1.02
1152,slow-cooker-paella,517,21.0,6.0,46.0,7.0,5.0,31.0,2.0
1154,easiest-ever-paella,593,15.0,5.0,81.0,9.0,7.0,30.0,2.97
1155,paella-oven,642,25.0,10.0,68.0,4.0,6.0,34.0,2.8
1157,paella-fried-rice,347,9.0,2.0,50.0,3.0,2.0,20.0,1.19
1158,chicken-chorizo-paella,563,16.0,5.0,62.0,5.0,7.0,38.0,1.9
1159,spicy-clam-pork-paella,574,27.0,8.0,60.0,6.0,4.0,28.0,1.11
1160,runner-bean-prawn-paella,533,12.0,3.0,53.0,8.0,7.0,49.0,0.9
1161,hey-presto-paella,0,0.0,0.0,0.0,0.0,0.0,0.0,0.0
1162,spring-chicken-paella,660,20.0,5.0,79.0,5.0,10.0,41.0,1.0
1163,smoked-paprika-paella-cod-peas,481,9.0,1.0,55.0,14.0,11.0,38.0,0.4
1164,paella-arancini-bites,212,13.0,2.0,16.0,1.0,1.0,7.0,0.8
1166,spanish-seafood-rice,369,7.0,1.0,58.0,6.0,7.0,23.0,1.05
1167,smoky-paprika-seafood-rice,556,14.0,2.0,63.0,4.0,4.0,32.0,1.7
1168,spanish-rice-prawn-one-pot,398,8.0,2.0,63.0,8.0,3.0,17.0,0.97
1169,spanish-rice-squid-prawn-fennel,473,17.0,3.0,49.0,5.0,5.0,24.0,0.7
1170,lemony-prawn-chorizo-rice-pot,381,7.0,2.0,55.0,6.0,3.0,21.0,2.2
1176,special-fried-rice-prawns-chorizo,404,15.0,4.0,45.0,5.0,4.0,19.0,1.3
1177,artichoke-aubergine-rice,431,16.0,2.0,58.0,9.0,11.0,8.0,1.5
1178,spicy-spanish-rice,477,13.0,2.0,51.0,11.0,8.0,35.0,0.5
1180,seafood-fideua-paella,488,12.0,2.0,49.0,5.0,2.0,44.0,0.9
1183,salmon-egg-fried-rice,432,23.0,4.0,24.0,4.0,3.0,30.0,1.7
1185,fridge-raid-fried-rice,388,20.0,3.0,29.0,7.0,7.0,20.0,0.6
1186,chicken-sweetcorn-egg-fried-rice,407,10.0,2.0,55.0,9.0,3.0,24.0,1.4
1187,fried-rice-egg-ginger,462,14.0,3.0,66.0,3.0,2.0,19.0,2.88
1188,veggie-egg-fried-rice,218,10.0,0.0,26.0,0.0,0.0,7.0,0.0
1189,egg-fried-rice-prawns-peas,416,10.0,2.0,56.0,2.0,3.0,28.0,2.06
1191,spring-green-fried-rice-eggs,422,18.0,4.0,43.0,5.0,5.0,20.0,2.3
1192,fast-fix-fried-rice,355,11.0,3.0,48.0,6.0,6.0,18.0,1.81
1193,indonesian-fried-rice-mackerel,760,44.0,10.0,61.0,4.0,4.0,34.0,5.66
1194,eggy-fried-rice,306,12.0,5.0,44.0,0.0,2.0,9.0,0.92
1197,speedy-spicy-turkey-rice,491,15.0,4.0,59.0,12.0,3.0,34.0,4.74
1199,fragrant-chilli-crab-fried-rice-with-crispy-leeks,322,9.0,2.0,43.0,9.0,4.0,14.0,2.18
1200,spicy-tofu-kedgeree,574,25.0,4.0,68.0,5.0,6.0,25.0,2.3
1201,quick-spicy-nasi-goreng,540,30.0,5.0,47.0,11.0,9.0,17.0,6.4
1202,spicy-teriyaki-prawns-sesame-fried-rice,705,35.0,6.0,62.0,31.0,12.0,29.0,5.8
1204,bokkeumbap,553,33.0,7.0,46.0,5.0,4.0,17.0,2.25
1205,chicken-ginger-fried-rice,535,14.0,3.0,67.0,12.0,1.0,31.0,3.2
1206,coconut-fried-rice,254,10.0,7.0,35.0,4.0,4.0,6.0,0.4
1207,kimchi-fried-rice,368,17.0,3.0,33.0,9.0,10.0,15.0,0.7
1208,sausage-soy-fried-rice,491,12.0,3.0,78.0,6.0,5.0,15.0,1.2
1212,nasi-goreng-indonesian-stir-fried-rice,442,15.0,2.0,45.0,7.0,5.0,28.0,1.3
1215,prawn-pineapple-cashew-fried-rice,609,30.0,6.0,53.0,14.0,7.0,29.0,4.5
1217,thai-prawn-fried-rice,401,7.0,2.0,61.0,1.0,1.0,27.0,2.39
1220,thai-prawn-fried-rice-0,457,17.0,5.0,42.0,10.0,11.0,33.0,1.8
1229,prawn-fried-rice,418,11.0,2.0,54.0,7.0,6.0,22.0,0.5
1230,garlic-prawn-rice,452,13.0,2.0,64.0,0.4,2.0,19.0,1.1
1234,barneys-monday-night-rice,349,13.0,2.0,35.0,2.0,4.0,25.0,0.84
1235,next-level-three-cheese-risotto,595,24.0,15.0,66.0,4.0,3.0,21.0,2.7
1236,spelt-wild-mushroom-risotto,255,4.0,1.0,49.0,5.0,3.0,7.0,0.63
1237,mushroom-risotto,445,17.0,7.7,63.0,3.0,4.0,15.0,1.45
1238,smoked-haddock-leek-risotto,486,10.0,6.0,66.0,5.0,4.0,30.0,1.3
1239,mushroom-spinach-risotto,574,22.0,10.0,70.0,0.0,5.0,17.0,1.93
1240,roasted-squash-risotto-wensleydale,584,20.0,9.0,87.0,17.0,8.0,17.0,1.21
1241,tomato-mascarpone-risotto,635,24.0,9.0,86.0,14.0,6.0,16.0,0.3
1242,easy-risotto-bacon-peas,485,16.0,5.0,68.0,5.0,4.0,15.0,1.91
1243,baked-tomato-mozzarella-basil-risotto,504,16.0,7.0,71.0,5.0,4.0,16.0,1.11
1244,quick-tomato-risotto,435,17.0,10.0,62.0,10.0,3.0,13.0,1.34
1245,chorizo-broad-bean-risotto,830,45.0,17.0,71.0,4.0,8.0,41.0,5.06
1246,onepot-chicken-mushroom-risotto,615,21.0,12.0,67.0,5.0,5.0,37.0,1.5
1247,smoked-salmon-lemon-risotto,500,15.0,5.0,75.0,5.0,4.0,21.0,2.58
1248,fennel-lemon-risotto,477,16.0,9.0,69.0,12.0,7.0,13.0,1.12
1249,pumpkin-risotto,397,14.0,7.0,47.0,6.0,5.0,18.0,1.0
1250,oven-baked-risotto,539,20.0,10.0,65.0,4.0,3.0,24.0,2.79
1251,ultimate-risotto-primavera,702,30.0,16.0,82.0,0.0,7.0,26.0,2.0
1252,wild-mushroom-chicken-bacon-risotto,785,34.0,15.0,68.0,4.0,5.0,46.0,4.09
1253,salmon-risotto,806,39.0,14.0,59.0,6.0,4.0,40.0,2.0
1254,leek-risotto,417,18.0,9.0,48.0,6.0,5.0,9.0,1.0
1255,wild-mushroom-risotto,353,16.0,8.0,48.0,0.0,0.0,7.0,0.32
1256,pesto-goats-cheese-risotto,745,32.0,12.0,83.0,2.0,4.0,29.0,2.4
1258,creamy-beetroot-risotto,434,14.0,6.0,65.0,14.0,5.0,12.0,0.7
1260,healthier-risotto-primavera,475,10.4,2.8,70.5,5.2,9.8,18.6,0.3
1262,creamy-courgette-risotto,496,23.0,12.0,50.0,4.0,4.0,22.0,1.4
1263,asparagus-risotto,623,22.0,10.0,80.0,8.0,6.0,15.0,1.5
1264,risotto-peas-broad-beans,476,28.0,16.0,44.0,4.0,4.0,12.0,0.92
1265,artichoke-red-onion-rosemary-risotto,299,10.0,2.0,44.0,9.0,4.0,9.0,0.65
1267,courgette-broad-bean-risotto-basil-pesto,698,31.0,8.0,69.0,5.0,8.0,25.0,2.4
1269,simple-squash-risotto,864,51.0,21.0,83.0,17.0,7.0,19.0,0.94
1270,vegan-mushroom-risotto,470,19.0,8.0,60.0,5.0,4.0,8.0,1.03
1271,beetroot-risotto-with-feta,727,24.0,9.0,93.0,19.0,8.0,22.0,1.9
1272,ultimate-makeover-risotto-squash-sage,517,15.0,5.0,85.0,10.0,5.0,15.0,0.37
1273,easy-baked-tomato-risotto,411,,6.0,65.0,3.0,3.0,14.0,1.3
1274,herb-parmesan-risotto,496,21.0,10.0,67.0,7.0,4.0,13.0,0.93
1275,butternut-squash-sage-risotto,609,24.0,10.0,87.0,17.0,8.0,15.0,1.0
1276,easy-peasy-risotto-chilli-mint-crumbs,747,14.0,4.0,108.0,10.0,16.0,39.0,1.8
1277,toddler-recipe-microwave-courgette-and-pea-risotto-prawns,305,6.0,3.0,46.0,2.0,3.0,15.0,0.9
1278,roasted-squash-pancetta-chestnut-risotto,418,13.0,3.0,62.0,7.0,4.0,11.0,0.7
1279,barley-broccoli-risotto-lemon-basil,378,14.0,1.0,49.0,5.0,7.0,11.0,0.1
1280,chicken-pearl-barley-risotto,463,8.0,2.0,71.0,12.0,6.0,23.0,0.3
1281,prawn-fennel-rocket-risotto,391,5.0,1.0,64.0,5.0,5.0,21.0,1.2
1282,pearl-barley-parsnip-sage-risotto,629,12.0,6.0,107.0,14.0,13.0,15.0,1.2
1283,creamy-tomato-risotto,401,10.0,4.0,62.0,10.0,5.0,13.0,0.93
1284,pearl-barley-bacon-leek-casserole,589,15.0,3.0,73.0,11.0,8.0,43.0,0.8
1285,creamy-barley-squash-risotto,586,11.0,6.0,93.0,10.0,6.0,24.0,1.1
1287,barley-chicken-mushroom-risotto,564,12.0,5.0,61.0,3.0,3.0,42.0,1.1
1289,microwave-risotto-primavera,461,6.0,3.0,84.0,7.0,9.0,19.0,0.6
1290,mushroom-thyme-risotto,302,7.0,2.0,51.0,4.0,3.0,11.0,0.74
1291,lemony-mushroom-pilaf,249,4.0,2.0,44.0,4.0,2.0,12.0,0.62
1293,creamy-veggie-risotto,452,8.0,3.0,84.0,9.0,7.0,16.0,1.28
1294,microwave-butternut-squash-risotto,313,3.0,1.0,66.0,9.0,4.0,10.0,1.04
1295,summer-courgette-risotto,406,5.0,1.0,82.0,9.0,7.0,14.0,0.51
1296,chicken-mushroom-risotto,631,21.0,11.0,67.0,5.0,4.0,34.0,3.06
1297,roast-chicken-pea-risotto,641,20.0,7.0,77.0,4.0,5.0,42.0,0.85
1299,roast-chicken-risotto-with-chicken-crackling,680,28.0,10.0,63.0,3.0,2.0,38.0,2.0
1301,pea-broad-bean-rocket-risotto-chicken,727,26.0,11.0,72.0,6.0,8.0,43.0,1.2
1304,lamb-biryani,394,19.0,8.0,31.0,3.0,2.0,23.0,0.6
1305,chicken-biryani,660,16.0,5.0,79.0,17.0,4.0,49.0,2.11
1306,spiced-vegetable-biryani,494,12.0,1.0,89.0,0.0,5.0,14.0,0.99
1308,quick-lamb-biryani,387,12.0,5.0,41.0,1.0,1.0,32.0,1.05
1309,easy-veggie-biryani,305,6.0,0.0,57.0,0.0,2.0,9.0,1.42
1310,chicken-biryani-pilau,445,12.0,3.0,57.0,0.0,2.0,32.0,0.5
1311,special-lamb-biryani,988,61.0,28.0,76.0,11.0,7.0,31.0,1.2
1312,butternut-biryani-cucumber-raita,499,17.0,2.0,64.0,20.0,10.0,16.0,0.3
1314,skinny-lamb-biryani,424,20.0,19.0,26.0,19.0,8.0,30.0,0.2
1315,feed-crowd-kedgeree-biryani,506,25.0,15.0,42.0,4.0,3.0,27.0,1.9
1316,microwave-biriyani,397,4.0,1.0,77.0,19.0,7.0,10.0,0.6
1317,low-fat-chicken-biryani,485,11.7,1.5,51.7,7.1,2.7,40.1,0.6
1318,pumpkin-biryani,379,17.0,10.0,46.0,9.0,4.0,8.0,0.4
1319,chicken-biryani-bake,463,11.0,2.0,54.0,7.0,5.0,40.0,1.31
1320,lamb-squash-biryani-cucumber-raita,463,15.0,4.0,49.0,12.0,7.0,30.0,0.4
1321,one-pan-spicy-rice,380,9.0,1.0,66.0,0.0,4.0,12.0,1.02
1322,fragrant-vegetable-cashew-biryani,469,18.0,4.0,67.0,7.0,4.0,14.0,1.11
1323,cheats-beetroot-biriyani,366,8.0,1.0,66.0,12.0,5.0,11.0,1.05
1325,one-pot-chicken-pilaf,663,13.0,2.0,92.0,13.0,0.0,50.0,1.94
1326,curried-spring-veggie-pilaf,452,9.0,1.0,79.0,8.0,6.0,11.0,0.2
1327,broad-bean-chicken-pilaf,434,15.0,7.0,48.0,0.0,4.0,29.0,0.73
1328,coronation-chicken-pilaf,538,23.0,5.0,49.0,9.0,3.0,32.0,1.3
1329,harissa-cauliflower-pilaf,687,22.0,2.0,94.0,29.0,11.0,23.0,0.7
1330,broad-bean-dill-pilaf,435,12.0,6.0,67.0,4.0,9.0,12.0,0.6
1331,cranberry-sprout-pecan-pilaf,480,30.0,6.0,39.0,12.0,8.0,9.0,0.2
1332,spiced-lamb-pilaf,992,39.0,13.0,110.0,23.0,4.0,48.0,1.8
1333,spiced-aubergine-pilaf-poached-eggs,401,16.0,5.0,48.0,8.0,8.0,14.0,0.7
1334,bean-dill-pilaf-garlicky-yogurt,609,18.0,10.0,99.0,13.0,10.0,20.0,0.63
1335,turkish-pilaf-saffron-goji-berries,454,16.0,2.0,42.0,10.0,7.0,32.0,0.6
1337,parsnip-pilaf,326,9.0,2.0,52.0,20.0,8.0,7.0,0.4
1338,coriander-cod-carrot-pilaf,305,7.0,1.0,50.0,8.0,3.0,14.0,0.31
1339,lamb-meatball-pea-pilaf,496,10.0,4.0,72.0,5.0,4.0,33.0,1.34
1340,chicken-edamame-ginger-pilaf,436,9.0,1.0,52.0,4.0,3.0,32.0,0.5
1342,spiced-lamb-coconut-pilaf,709,31.0,18.0,79.0,5.0,4.0,36.0,1.21
1343,cauliflower-chickpea-pilaf,443,14.0,1.0,68.0,10.0,8.0,16.0,0.82
1344,squash-mushroom-gorgonzola-pilaf,422,10.0,5.0,64.0,13.0,11.0,17.0,0.9
1345,peri-peri-chicken-pilaf,549,10.0,2.0,81.0,10.0,7.0,20.0,3.4
1346,harissa-salmon-pilaf,585,31.0,5.0,46.0,16.0,7.0,28.0,0.5
1347,ultimate-tomato-salsa,29,0.2,0.0,5.0,5.0,2.0,1.0,0.1
1348,guacamole-salsa,138,14.0,3.0,2.0,1.0,3.0,1.0,0.0
1349,pineapple-salsa,38,0.2,0.0,8.0,8.0,2.0,0.5,0.01
1350,sweetcorn-salsa,227,13.0,4.0,20.0,7.0,4.0,8.0,0.7
1351,smoky-chipotle-pepper-salsa,55,2.0,0.0,8.0,7.0,2.0,2.0,0.06
1352,crunchy-corn-pepper-salsa,60,3.0,0.0,8.0,4.0,1.0,2.0,0.01
1353,crispy-chipotle-chicken-fajitas,602,18.0,2.0,66.0,12.0,8.0,40.0,1.48
1354,salsa-verde,474,51.0,7.0,2.0,1.0,1.0,2.0,2.4
1355,chunky-tomato-avocado-salsa-0,97,9.0,1.0,3.0,2.0,2.0,1.0,0.02
1356,smoky-corn-avocado-salsa,181,9.0,2.0,19.0,9.0,7.0,5.0,0.1
1357,corn-black-bean-salsa,127,3.0,1.0,20.0,4.0,3.0,5.0,0.24
1358,tomatillo-salsa,116,8.0,2.0,7.0,6.0,4.0,3.0,0.0
1359,red-pepper-tomato-salsa,31,1.0,0.0,4.0,2.0,1.0,1.0,0.43
1361,smoky-tomato-pepper-salsa,76,7.0,1.0,3.0,2.0,1.0,1.0,0.1
1362,beetroot-chilli-salsa,47,0.0,0.0,8.0,8.0,2.0,2.0,0.1
1363,charred-sweetcorn-salsa,176,13.0,3.0,10.0,2.0,4.0,3.0,0.1
1364,raita,45,3.0,2.0,2.0,1.0,0.0,2.0,0.1
1365,coriander-mint-raita,51,4.0,2.0,2.0,1.0,0.0,3.0,0.1
1366,burnt-aubergine-raita,85,3.0,2.0,8.0,8.0,3.0,6.0,0.2
1368,chunky-cucumber-raita,122,9.0,6.0,5.0,4.0,1.0,6.0,0.5
1369,tomato-onion-cucumber-raita,53,2.0,1.0,6.0,6.0,1.0,4.0,0.1
1370,mint-relish-raita,37,1.0,0.0,5.0,5.0,0.0,3.0,0.52
1372,tomato-cucumber-raita,27,0.5,0.3,3.5,3.5,0.3,2.2,0.1
1373,roast-fish-chips-orange-raita,318,7.0,1.0,29.0,0.0,3.0,36.0,0.36
1374,winter-vegetable-curry-fruity-raita,467,13.0,2.0,73.0,31.0,12.0,13.0,0.8
1375,lamb-koftas-beetroot-apple-raita,488,19.0,9.0,48.0,6.0,1.0,32.0,0.3
1376,spicy-pizza-breads-raita-salad,398,9.0,1.0,69.0,19.0,7.0,16.0,1.45
1378,squash-lentil-bean-one-pot-fig-raita,540,9.0,2.0,83.0,40.0,15.0,28.0,1.2
1379,sweet-potato-masala-dosa-coconut-raita,803,36.0,22.0,96.0,35.0,18.0,16.0,0.4
1381,naan-dippers-fresh-mint-coriander-raita,366,19.0,9.0,41.0,2.0,2.0,10.0,1.23
1382,spicy-cauliflower-rice-minty-cucumber-raita,588,19.0,7.0,73.0,18.0,14.0,23.0,0.2
1385,spiced-potato-cake-mint-raita,611,31.0,19.0,70.0,10.0,6.0,17.0,1.5
1386,thai-green-chicken-curry,275,19.0,11.0,9.0,3.0,2.0,17.0,0.6
1387,thai-green-chicken-curry-1,623,42.0,31.0,15.0,8.0,3.0,46.0,1.7
1388,vegetarian-thai-green-curry,339,26.0,15.0,17.0,11.0,7.0,6.0,0.6
1389,vegan-thai-green-curry,436,17.0,7.0,57.0,5.0,3.0,13.0,0.1
1392,next-level-thai-green-curry,510,40.0,31.0,14.0,10.0,2.0,22.0,1.9
1393,light-thai-green-curry,438,14.0,2.0,54.0,21.0,22.0,11.0,0.3
1394,thai-green-prawn-curry,580,49.0,31.0,13.0,8.0,3.0,21.0,2.0
1395,thai-green-curry-roast-chicken,721,49.0,23.0,5.0,3.0,1.0,64.0,1.2
1397,thai-green-chicken-soup,262,16.0,8.0,8.0,4.0,3.0,23.0,2.38
1398,speedy-green-chicken-curry,352,20.0,13.0,9.0,5.0,3.0,35.0,2.5
1399,green-curry-paste,18,1.0,0.0,2.0,1.0,0.0,2.0,1.2
1400,french-bean-duck-thai-curry,638,57.0,26.0,11.0,9.0,2.0,28.0,2.32
1401,pull-apart-chicken-green-curry-lime-leaf-dressing,746,47.0,27.0,32.0,25.0,2.0,50.0,3.1
1402,thai-beef-curry,541,40.0,20.0,10.0,7.0,0.0,34.0,1.5
1403,thai-red-curry,557,45.0,32.0,9.0,5.0,2.0,27.0,2.38
1404,red-thai-salmon-curry,326,22.0,9.0,5.0,4.0,2.0,27.0,0.46
1405,veggie-thai-red-curry,233,18.0,10.0,11.0,7.0,3.0,8.0,3.06
1406,easy-thai-prawn-curry,156,8.0,4.0,7.0,6.0,2.0,13.0,1.19
1409,thai-squash-pineapple-curry,172,9.0,5.0,20.0,0.0,3.0,4.0,0.5
1410,thai-red-salmon-curry,682,49.0,20.0,21.0,13.0,8.0,36.0,0.8
1412,thai-coconut-veg-broth,338,14.0,7.0,46.0,12.0,5.0,10.0,1.19
1413,red-pork-curry-green-beans,396,26.0,16.0,10.0,1.0,2.0,32.0,2.29
1414,tender-duck-pineapple-red-curry,659,49.0,20.0,20.0,18.0,2.0,38.0,2.29
1415,thai-red-duck-sticky-pineapple-rice,500,9.0,4.0,63.0,10.0,7.0,37.0,0.6
1416,summer-vegetable-curry,207,7.0,4.0,28.0,12.0,7.0,10.0,0.49
1417,thai-coconut-crumbed-chicken-traybake,414,15.0,7.0,32.0,14.0,8.0,38.0,0.9
1418,warming-veggie-curry,178,9.0,4.0,23.0,13.0,5.0,5.0,0.17
1419,thai-chicken-mushroom-broth,179,6.0,1.0,6.0,4.0,1.0,25.0,2.32
1420,coconut-fish-curry-traybake,507,21.0,13.0,44.0,5.0,6.0,32.0,1.9
1421,chicken-curry-lime-leaf-lemongrass-mango,542,32.0,19.0,30.0,27.0,2.0,35.0,0.1
1422,thai-chicken-soup,206,2.0,0.0,35.0,7.0,2.0,15.0,1.96
1428,old-delhi-style-butter-chicken,472,34.0,17.0,11.0,10.0,3.0,29.0,2.6
1429,slow-cooker-lamb-curry,568,19.0,5.0,49.0,17.0,13.0,43.0,1.3
1431,vibrant-spinach-coconut-paneer-curry,475,39.0,25.0,10.0,7.0,3.0,20.0,0.1
1432,west-indian-spiced-aubergine-curry,157,9.0,1.0,13.0,12.0,7.0,4.0,2.5
1433,slow-cooker-chicken-curry,345,13.0,2.0,24.0,19.0,8.0,28.0,2.2
1434,coconut-corn-curry,473,14.0,6.0,57.0,11.0,14.0,24.0,0.1
1435,beef-curry,337,19.0,6.0,11.0,8.0,3.0,29.0,0.31
1436,lamb-vindaloo,437,35.0,8.0,10.0,3.0,3.0,18.0,0.2
1437,slow-cooker-vegetable-curry,399,22.0,13.0,31.0,18.0,14.0,11.0,2.02
1438,next-level-dhal-makhani,487,29.0,17.0,34.0,5.0,6.0,19.0,0.9
1439,easy-chicken-curry,354,23.0,4.0,10.0,8.0,3.0,24.0,0.6
1440,chicken-madras,373,17.0,4.0,9.0,8.0,3.0,43.0,0.7
1441,moong-dhal-makhani,398,33.0,18.0,15.0,4.0,1.0,9.0,0.1
1442,venison-kofta,445,28.0,3.0,14.0,9.0,4.0,32.0,2.8
1443,palm-nut-chicken-curry,707,54.0,7.0,18.0,9.0,6.0,36.0,0.9
1444,sali-murghi,385,23.0,8.0,18.0,16.0,5.0,24.0,0.3
1445,chana-masala,140,5.0,2.0,15.0,5.0,5.0,6.0,0.1
1446,mauritian-chicken-curry,456,19.0,4.0,32.0,10.0,9.0,34.0,1.5
1449,keralan-hake-curry,395,24.0,16.0,12.0,10.0,4.0,31.0,0.4
1450,kadala-curry,458,28.0,16.0,31.0,9.0,10.0,15.0,0.2
1451,coconut-fish-curry,412,24.0,16.0,15.0,11.0,2.0,33.0,1.7
1452,sea-bass-curry,735,59.0,6.0,19.0,14.0,3.0,30.0,6.5
1454,turmeric-ginger-coconut-fish-curry,409,12.0,6.0,44.0,11.0,7.0,28.0,0.3
1456,coconut-fish-curry-rice,497,19.0,8.0,63.0,10.0,6.0,16.0,2.1
1458,keralan-scallop-molee,322,21.0,17.0,14.0,6.0,2.0,21.0,1.5
1459,fishermans-curry,152,3.0,0.0,7.0,4.0,1.0,25.0,1.1
1460,seafood-curry,507,37.0,12.0,9.0,5.0,1.0,19.0,0.7
1461,fish-mappas,691,26.0,16.0,74.0,11.0,4.0,39.0,0.8
1462,one-pan-lentil-dhal-curried-fish-crispy-skin,1013,51.0,33.0,75.0,19.0,14.0,57.0,3.1
1464,smoked-haddock-creamed-corn-curry,332,13.0,1.0,23.0,8.0,3.0,32.0,3.4
1466,aromatic-prawn-cashew-curry,507,34.0,12.0,18.0,9.0,4.0,32.0,1.0
1467,creamy-fish-curry,425,11.0,6.0,53.0,4.0,2.0,24.0,1.6
1468,curry-coconut-fish-parcels,438,6.0,3.0,63.0,8.0,2.0,28.0,1.3
1469,fried-fish-tomato-curry,432,19.0,7.0,33.0,9.0,5.0,30.0,0.8
1470,super-quick-fish-curry,195,5.0,0.4,9.0,8.0,3.0,28.0,0.64
1472,one-pan-prawn-tomato-curry,217,8.0,1.0,16.0,9.0,3.0,22.0,0.66
1473,sweet-hot-prawn-pineapple-curry,304,20.0,14.0,16.0,4.0,1.0,16.0,1.31
1474,15-minute-prawn-curry,293,19.0,14.0,6.0,3.0,0.5,26.0,5.4
1476,home-style-chicken-curry,452,25.0,43.0,1210.7,97.4,3.0,43.0,0.54
1477,chicken-korma,376,11.0,1.0,28.0,25.0,3.0,40.0,1.4
1479,chicken-karahi,389,23.0,8.0,4.0,4.0,1.0,40.0,1.12
1480,next-level-tikka-masala,646,45.0,22.0,21.0,17.0,4.0,36.0,1.31
1485,slow-cooker-chicken-tikka-masala,531,33.0,12.0,17.0,16.0,4.0,39.0,0.75
1487,easy-leftover-chicken-curry,448,32.0,18.0,7.0,5.0,2.0,31.0,1.3
1488,30-minute-chicken-curry,315,21.0,8.0,9.0,8.0,2.0,22.0,0.9
1489,chicken-saag,562,14.0,4.0,60.0,14.0,8.0,46.0,0.4
1490,thai-red-chicken-curry,444,33.0,17.0,12.0,8.0,8.0,20.0,0.9
1491,spicy-chicken-chickpea-curry,368,18.0,3.0,18.0,6.0,7.0,30.0,1.4
1492,peanut-butter-chicken,579,43.0,20.0,12.0,6.0,3.0,32.0,0.3
1493,slow-cooker-chicken-korma,499,33.0,11.0,7.0,6.0,2.0,43.0,1.4
1494,singapore-style-nyonya-curry,320,16.0,7.0,18.0,8.0,3.0,26.0,0.9
1496,chicken-tikka-masala,345,19.0,8.0,13.0,10.0,3.0,31.0,1.04
1498,butter-bean-curry,511,10.0,1.0,78.0,18.0,17.0,17.0,0.7
1499,healthy-fish-korma,527,12.0,4.0,65.0,15.0,7.0,35.0,0.7
1505,kidney-bean-curry,282,8.0,1.0,32.0,12.0,14.0,13.0,0.06
1506,easy-butter-chicken,402,23.0,4.0,13.0,9.0,3.0,34.0,0.68
1507,roasted-aloo-gobi,322,15.0,1.0,33.0,14.0,9.0,10.0,0.1
1508,tandoori-chicken,221,13.0,5.0,5.0,4.0,1.0,20.0,0.29
1509,cauliflower-paneer-pea-curry,321,14.0,4.0,21.0,15.0,9.0,23.0,0.4
1510,healthier-chicken-balti,239,10.0,2.0,9.0,7.0,4.0,27.0,0.25
1515,spinach-sweet-potato-lentil-dhal,397,5.0,1.0,65.0,19.0,11.0,18.0,0.6
1516,chicken-sweet-potato-pea-curry,485,12.0,6.0,59.0,11.0,8.0,31.0,0.4
1517,chicken-bhuna,350,21.0,4.0,9.0,7.0,3.0,30.0,1.09
1519,goan-style-vegetable-curry-kitchari,507,12.0,6.1,73.0,17.0,14.0,18.0,0.4
1520,cauliflower-green-bean-curry,452,11.0,5.0,69.0,13.0,12.0,14.0,0.97
1521,thai-prawn-squash-curry,398,31.0,22.0,20.0,13.0,3.0,7.0,0.8
1522,cheats-laksa,478,39.0,29.0,11.0,7.0,4.0,18.0,2.1
1523,prawn-butternut-mango-curry,435,13.0,5.0,56.0,23.0,10.0,24.0,1.5
1525,goan-prawn-coconut-curry-cumin-rice,771,22.0,13.0,105.0,9.0,6.0,33.0,0.6
1527,prawn-curry-hurry,167,4.0,0.1,14.0,12.0,5.0,15.0,1.73
1528,kerala-prawn-curry,294,16.0,8.0,8.0,0.0,0.0,31.0,2.76
1529,prawn-pea-tomato-curry,210,6.0,0.5,18.0,12.0,8.0,17.0,1.53
1530,prawn-coconut-curry,163,8.0,4.0,8.0,5.0,1.0,15.0,0.55
1531,quick-prawn-coconut-tomato-curry,335,26.0,16.0,7.0,6.0,1.0,19.0,1.03
1533,curry-prawns,294,21.0,15.0,9.0,6.0,3.0,14.0,1.1
1535,fragrant-courgette-prawn-curry,305,15.0,2.0,17.0,13.0,5.0,28.0,1.41
1536,prawn-laksa-curry-bowl,520,26.0,14.0,50.0,4.0,3.0,19.0,3.6
1537,south-indian-coconut-prawn-curry,312,11.0,5.0,19.0,13.0,6.0,21.0,1.7
1539,mummy-pings-sambal-prawns-green-beans,521,37.0,5.0,20.0,19.0,4.0,25.0,1.0
1541,prawn-jalfrezi,335,7.0,1.0,48.0,15.0,8.0,21.0,1.5
1543,nasi-goreng-sardines,446,20.0,5.0,30.0,1.0,0.0,36.0,2.0
1545,beef-rendang-turmeric-rice,1405,71.0,37.0,108.0,8.0,4.0,81.0,0.8
1546,home-style-beef-curry,425,30.0,17.0,6.0,3.0,2.0,32.0,0.18
1547,beef-massaman-curry,734,46.0,21.0,38.0,13.0,3.0,44.0,1.87
1549,beef-beetroot-curry,467,22.0,7.0,19.0,16.0,4.0,51.0,1.4
1550,sohas-koftet-roz-egyptian-rice-meatballs,574,35.0,10.0,31.0,10.0,5.0,31.0,0.5
1552,slow-cooked-beetroot-beef-curry-chukandar-gosht,323,16.0,4.0,14.0,12.0,5.0,28.0,0.0
1553,beef-potato-banana-curry-cashew-rice,1137,54.0,24.0,110.0,26.0,10.0,49.0,2.98
1554,keema-curry-raita,289,11.0,5.0,17.0,8.0,5.0,31.0,0.39
1555,stir-fry-green-curry-beef-asparagus-sugar-snaps,410,20.0,8.0,16.0,9.0,9.0,37.0,1.0
1556,red-thai-meatball-curry,371,26.0,13.0,4.0,3.0,2.0,31.0,0.79
1557,indian-beef-keema-carrots-potatoes,351,16.0,6.0,21.0,9.0,6.0,31.0,0.7
1558,bobotie,406,16.0,7.0,23.0,18.0,2.0,43.0,1.03
1559,indian-mince-fresh-tomato-salad,444,17.0,7.0,45.0,6.0,5.0,30.0,1.49
1561,pea-broad-bean-shakshuka,199,12.0,2.0,7.0,5.0,7.0,13.0,0.2
1562,full-english-shakshuka,570,36.0,10.0,21.0,10.0,8.0,36.0,2.9
1563,feta-roasted-tomato-shakshuka,186,10.0,5.0,13.0,5.0,3.0,11.0,1.0
1564,green-shakshuka,337,20.0,5.0,13.0,8.0,7.0,22.0,0.6
1565,smoky-shakshuka,348,23.0,8.0,11.0,8.0,2.0,23.0,2.2
1566,microwave-shakshuka,244,16.0,3.0,13.0,12.0,2.0,10.0,0.43
1567,shakshuka-flatbread-bake,531,23.0,9.0,53.0,16.0,8.0,25.0,2.2
1568,classic-sachertorte,697,41.0,24.0,69.0,53.0,5.0,10.0,0.51
1570,french-apple-tart,410,17.0,10.0,56.0,37.0,4.0,5.0,0.4
1571,apricot-brioche,216,11.0,6.0,25.0,3.0,1.0,5.0,0.8
1573,linzer-cookies,240,12.0,6.0,28.0,15.0,1.0,4.0,0.2
1578,marble-bundt-cake,479,20.0,12.0,63.0,34.0,2.0,9.0,0.52
1579,little-black-forest-cakes,570,37.0,19.0,47.0,33.0,1.0,9.0,0.45
1581,brioche-buns,163,6.0,2.0,22.0,3.0,1.0,5.0,0.3
1582,pistachio-orange-madeleines,116,7.0,4.0,12.0,8.0,1.0,2.0,0.1
1584,florentines,138,8.0,3.0,14.0,10.0,1.0,2.0,0.1
1587,croquembouche,0,0.0,0.0,0.0,0.0,0.0,0.0,0.0
1588,peach-melba-roulade,345,18.0,10.0,39.0,31.0,2.0,6.0,0.3
1589,soured-cream-bundt-cake-butter-glaze,215,11.6,7.0,25.6,18.0,0.5,2.1,0.2
1591,ultimate-creme-brulee,686,64.0,38.0,20.0,20.0,0.0,6.0,0.12
